temperature_K,x_PT,phases_left,phases_right,composition_resolution
1850.0,0.055,LIQUID,FCC_A1;LIQUID,0.01
1850.0,0.065,FCC_A1;LIQUID,FCC_A1,0.01
1875.0,0.115,LIQUID,FCC_A1;LIQUID,0.01
1875.0,0.145,FCC_A1;LIQUID,FCC_A1,0.01
1900.0,0.195,LIQUID,FCC_A1;LIQUID,0.01
1900.0,0.225,FCC_A1;LIQUID,FCC_A1,0.01
1925.0,0.285,LIQUID,FCC_A1;LIQUID,0.01
1925.0,0.325,FCC_A1;LIQUID,FCC_A1,0.01
1950.0,0.375,LIQUID,FCC_A1;LIQUID,0.01
1950.0,0.415,FCC_A1;LIQUID,FCC_A1,0.01
1975.0,0.485,LIQUID,FCC_A1;LIQUID,0.01
1975.0,0.525,FCC_A1;LIQUID,FCC_A1,0.01
2000.0,0.595,LIQUID,FCC_A1;LIQUID,0.01
2000.0,0.635,FCC_A1;LIQUID,FCC_A1,0.01
2025.0,0.745,LIQUID,FCC_A1;LIQUID,0.01
2025.0,0.765,FCC_A1;LIQUID,FCC_A1,0.01
