"record_id","system","formula","atoms","strict_converged","strict_steps","max_force_eV_A","minimum_distance_A","model_energy_eV_per_atom","local_volume_curvature_eV_per_atom","volume_minimum_inside_window","artifact","local_cif","reduced_formula","space_group","volume_per_atom_A3","density_g_cm3","x_Pt","x_Pd","x_Rh"
"remote:543293f25a3a4be3ae6dde957132482c:0","Pt-Pd","PdPt2","3","True","3","0.0033907650504261","2.797507799822012","-5.797659556070964","0.0772428512573242","True","not redistributed; source identifier retained","data/model_validation/structures/S12_001_Pt-Pd_PdPt2.cif","Pd1Pt2","P-3m1","15.642947800136481","17.57136369462816","0.6666666666666666","0.3333333333333333","0.0"
"remote:543293f25a3a4be3ae6dde957132482c:1","Pt-Pd","Pd3Pt6","9","True","67","0.0088449725881218","2.7348939191347803","-5.760179307725695","0.079564094543457","True","not redistributed; source identifier retained","data/model_validation/structures/S12_002_Pt-Pd_Pd3Pt6.cif","Pd1Pt2","Cm","15.641290836238987","17.57322512125698","0.6666666666666666","0.3333333333333333","0.0"
"remote:543293f25a3a4be3ae6dde957132482c:2","Pt-Pd","Pd3Pt7","10","True","3","0.0099062593653798","2.758269585393366","-5.8080604553222654","0.0789442062377929","True","not redistributed; source identifier retained","data/model_validation/structures/S12_003_Pt-Pd_Pd3Pt7.cif","Pd3Pt7","P1","15.660543225932575","17.864999245740528","0.7","0.3","0.0"
"remote:543293f25a3a4be3ae6dde957132482c:3","Pt-Pd","Pd3Pt","4","True","2","0.0082036042585968","2.778549826740792","-5.419981002807617","0.0642766952514648","True","not redistributed; source identifier retained","data/model_validation/structures/S12_004_Pt-Pd_Pd3Pt.cif","Pd3Pt1","Pmm2","15.606774582975959","13.68137122638135","0.25","0.75","0.0"
"remote:bf4f23bc1ea840cc963ac77afe3aef4b:0","Pt-Pd","Pd4Pt5","9","True","0","0.0051944544538855","2.7387015728922983","-5.6347198486328125","0.0688047409057617","True","not redistributed; source identifier retained","data/model_validation/structures/S12_005_Pt-Pd_Pd4Pt5.cif","Pd4Pt5","I4/mmm","15.993076586868227","16.163808805549348","0.5555555555555556","0.4444444444444444","0.0"
"remote:bf4f23bc1ea840cc963ac77afe3aef4b:1","Pt-Pd","PdPt7","8","True","2","0.0080091524869203","2.8069936099417574","-5.965734958648682","0.0830802917480468","True","not redistributed; source identifier retained","data/model_validation/structures/S12_006_Pt-Pd_PdPt7.cif","Pd1Pt7","Fm-3m","15.685306640768488","19.47943105085379","0.875","0.125","0.0"
"remote:bf4f23bc1ea840cc963ac77afe3aef4b:2","Pt-Pd","Pd3Pt2","5","True","3","0.0084047894924879","2.771940922914358","-5.56571044921875","0.071176528930664","True","not redistributed; source identifier retained","data/model_validation/structures/S12_007_Pt-Pd_Pd3Pt2.cif","Pd3Pt2","R-3m","15.476851569720903","15.223159636556765","0.4","0.6","0.0"
"remote:bf4f23bc1ea840cc963ac77afe3aef4b:3","Pt-Pd","Pd4Pt5","9","True","3","0.0050730495713651","2.7743634205186547","-5.690285152859158","0.0771546363830566","True","not redistributed; source identifier retained","data/model_validation/structures/S12_008_Pt-Pd_Pd4Pt5.cif","Pd4Pt5","C2/m","15.468334199967163","16.712144230966675","0.5555555555555556","0.4444444444444444","0.0"
"remote:d3c2649b1d5d42619d30f54ea29b9d1b:0","Pt-Pd","Pd3Pt3","6","True","6","0.0090189520269632","2.769991498459666","-5.641205469767253","0.0725202560424804","True","not redistributed; source identifier retained","data/model_validation/structures/S12_009_Pt-Pd_Pd3Pt3.cif","Pd1Pt1","Cm","15.643557912989571","16.00208770346083","0.5","0.5","0.0"
"remote:d3c2649b1d5d42619d30f54ea29b9d1b:1","Pt-Pd","Pd6Pt14","20","True","3","0.0070656356401741","2.782713415958095","-5.819550704956055","0.0797057151794433","True","not redistributed; source identifier retained","data/model_validation/structures/S12_010_Pt-Pd_Pd6Pt14.cif","Pd3Pt7","P1","15.584144786195102","17.952579160263312","0.7","0.3","0.0"
"remote:d3c2649b1d5d42619d30f54ea29b9d1b:2","Pt-Pd","Pd2Pt3","5","True","3","0.0064679631032049","2.794207445560025","-5.728955841064453","0.0778522491455078","True","not redistributed; source identifier retained","data/model_validation/structures/S12_011_Pt-Pd_Pd2Pt3.cif","Pd2Pt3","Immm","15.509385712254636","17.089818657941464","0.6","0.4","0.0"
"remote:d3c2649b1d5d42619d30f54ea29b9d1b:3","Pt-Pd","Pd11Pt7","18","True","5","0.0098201446235179","2.7219893751398963","-5.482405344645183","0.0705971717834472","True","not redistributed; source identifier retained","data/model_validation/structures/S12_012_Pt-Pd_Pd11Pt7.cif","Pd11Pt7","P1","15.587940250474443","15.009724765981872","0.3888888888888889","0.6111111111111112","0.0"
"remote:e71c4cb89efe4f3bb29e2968b50dfa0c:0","Pt-Pd","Pd4Pt2","6","True","3","0.0099213840439915","2.7176897483671763","-5.440496444702148","0.0683746337890625","True","not redistributed; source identifier retained","data/model_validation/structures/S12_013_Pt-Pd_Pd4Pt2.cif","Pd2Pt1","Cmcm","15.593065794453196","14.480234314389476","0.3333333333333333","0.6666666666666666","0.0"
"remote:e71c4cb89efe4f3bb29e2968b50dfa0c:1","Pt-Pd","Pd8Pt","9","True","46","0.0060108331963419","2.729100952464596","-5.268009609646267","0.0603513717651367","True","not redistributed; source identifier retained","data/model_validation/structures/S12_014_Pt-Pd_Pd8Pt.cif","Pd8Pt1","Cm","15.59823917511442","12.377901020528872","0.1111111111111111","0.8888888888888888","0.0"
"remote:e71c4cb89efe4f3bb29e2968b50dfa0c:2","Pt-Pd","Pd4Pt8","12","True","3","0.0081462049856781","2.7146996433167883","-5.725060145060222","0.0792417526245117","True","not redistributed; source identifier retained","data/model_validation/structures/S12_015_Pt-Pd_Pd4Pt8.cif","Pd1Pt2","C2/m","15.675360683910652","17.53503033167261","0.6666666666666666","0.3333333333333333","0.0"
"remote:e71c4cb89efe4f3bb29e2968b50dfa0c:3","Pt-Pd","Pd2Pt2","4","True","8","0.0088264299556612","2.8462268409500395","-5.646325588226318","0.0706729888916015","True","not redistributed; source identifier retained","data/model_validation/structures/S12_016_Pt-Pd_Pd2Pt2.cif","Pd1Pt1","P-6m2","15.739182910226354","15.904865401569163","0.5","0.5","0.0"
"remote:d4ed2700f2d14205a6eafd033fa1d6c3:0","Pt-Rh","Pt4Rh5","9","True","4","0.0075472234748303","2.7305125368546137","-6.777233547634548","0.0828099250793457","True","not redistributed; source identifier retained","data/model_validation/structures/S12_017_Pt-Rh_Pt4Rh5.cif","Pt4Rh5","C2/m","14.897852903149548","16.036400566851892","0.4444444444444444","0.0","0.5555555555555556"
"remote:d4ed2700f2d14205a6eafd033fa1d6c3:1","Pt-Rh","Pt4Rh2","6","True","3","0.0052499836310744","2.764926129982313","-6.496560414632161","0.0815105438232421","True","not redistributed; source identifier retained","data/model_validation/structures/S12_018_Pt-Rh_Pt4Rh2.cif","Pt2Rh1","Cmcm","15.307333262704667","17.82953299893197","0.6666666666666666","0.0","0.3333333333333333"
"remote:d4ed2700f2d14205a6eafd033fa1d6c3:2","Pt-Rh","Pt2Rh2","4","True","2","0.0059978496283292","2.759813017250557","-6.712533950805664","0.0825510025024414","True","not redistributed; source identifier retained","data/model_validation/structures/S12_019_Pt-Rh_Pt2Rh2.cif","Pt1Rh1","I4_1/amd","14.963629980389934","16.53419683346921","0.5","0.0","0.5"
"remote:d4ed2700f2d14205a6eafd033fa1d6c3:3","Pt-Rh","Pt8Rh","9","True","2","0.0084141949191689","2.780238618057541","-6.208949618869358","0.0842747688293457","True","not redistributed; source identifier retained","data/model_validation/structures/S12_020_Pt-Rh_Pt8Rh.cif","Pt8Rh1","I4/mmm","15.59281537152357","19.684531818781444","0.8888888888888888","0.0","0.1111111111111111"
"remote:0698b71a4bb04d6d8eb901f5a746ffc7:0","Pt-Rh","Pt5Rh7","12","True","4","0.0088311918079853","2.718300542299602","-6.815954844156901","0.0814809799194336","True","not redistributed; source identifier retained","data/model_validation/structures/S12_021_Pt-Rh_Pt5Rh7.cif","Pt5Rh7","Pm","14.91095926413321","15.737156760690278","0.4166666666666667","0.0","0.5833333333333334"
"remote:0698b71a4bb04d6d8eb901f5a746ffc7:1","Pt-Rh","Pt5Rh","6","True","2","0.0087535558268427","2.780431536303167","-6.282365798950195","0.0854535102844238","True","not redistributed; source identifier retained","data/model_validation/structures/S12_022_Pt-Rh_Pt5Rh.cif","Pt5Rh1","Cmmm","15.426770077069088","19.345177385557726","0.8333333333333334","0.0","0.16666666666666666"
"remote:0698b71a4bb04d6d8eb901f5a746ffc7:2","Pt-Rh","Pt3Rh7","10","True","3","0.0048385318368673","2.732335693823236","-6.966909027099609","0.0823721885681152","True","not redistributed; source identifier retained","data/model_validation/structures/S12_023_Pt-Rh_Pt3Rh7.cif","Pt3Rh7","C2/m","14.692416419608142","14.755803071082697","0.3","0.0","0.7"
"remote:0698b71a4bb04d6d8eb901f5a746ffc7:3","Pt-Rh","Pt3Rh","4","True","0","0.00931400898844","2.7534025119441687","-6.374682426452637","0.085759162902832","True","not redistributed; source identifier retained","data/model_validation/structures/S12_024_Pt-Rh_Pt3Rh.cif","Pt3Rh1","R-3m","15.321159616947199","18.64598442431743","0.75","0.0","0.25"
"remote:da2ea4155d3944709a354057fcb074ab:0","Pt-Rh","Pt13Rh7","20","True","3","0.0070604705251753","2.702063426346139","-6.428742980957031","0.0815310478210449","True","not redistributed; source identifier retained","data/model_validation/structures/S12_025_Pt-Rh_Pt13Rh7.cif","Pt13Rh7","Cm","15.502680854606776","17.440306361160165","0.65","0.0","0.35"
"remote:da2ea4155d3944709a354057fcb074ab:1","Pt-Rh","Pt2Rh8","10","True","2","0.0094204256311059","2.709065282537984","-7.097707366943359","0.0825567245483398","True","not redistributed; source identifier retained","data/model_validation/structures/S12_026_Pt-Rh_Pt2Rh8.cif","Pt1Rh4","C2/c","14.530400502842","13.866913250617264","0.2","0.0","0.8"
"remote:da2ea4155d3944709a354057fcb074ab:2","Pt-Rh","Pt2Rh13","15","True","2","0.0083750281482934","2.704940173528496","-7.173771158854167","0.0816960334777832","True","not redistributed; source identifier retained","data/model_validation/structures/S12_027_Pt-Rh_Pt2Rh13.cif","Pt2Rh13","P-1","14.502851682793992","13.189640728309111","0.13333333333333333","0.0","0.8666666666666667"
"remote:da2ea4155d3944709a354057fcb074ab:3","Pt-Rh","Pt4Rh6","10","True","3","0.0065301763825118","2.737266406881214","-6.831713104248047","0.0795140266418457","True","not redistributed; source identifier retained","data/model_validation/structures/S12_028_Pt-Rh_Pt4Rh6.cif","Pt2Rh3","Amm2","14.98876610044005","15.485264219027986","0.4","0.0","0.6"
"remote:fffe807b53844e61a6250a8c1a8eaa20:0","Pt-Rh","Pt8Rh4","12","True","2","0.0072601656429469","2.7611434479442187","-6.496161778767903","0.0834550857543945","True","not redistributed; source identifier retained","data/model_validation/structures/S12_029_Pt-Rh_Pt8Rh4.cif","Pt2Rh1","Imm2","15.222037778584287","17.929439376179552","0.6666666666666666","0.0","0.3333333333333333"
"remote:fffe807b53844e61a6250a8c1a8eaa20:1","Pt-Rh","Pt2Rh2","4","True","2","0.0077506825327873","2.7340920106188293","-6.6963210105896","0.0834817886352539","True","not redistributed; source identifier retained","data/model_validation/structures/S12_030_Pt-Rh_Pt2Rh2.cif","Pt1Rh1","Pmmn","14.982680609931572","16.513173435397558","0.5","0.0","0.5"
"remote:fffe807b53844e61a6250a8c1a8eaa20:2","Pt-Rh","Pt14Rh5","19","True","12","0.0097577488049864","2.572250553485846","-6.266801131399054","0.0797133445739746","True","not redistributed; source identifier retained","data/model_validation/structures/S12_031_Pt-Rh_Pt14Rh5.cif","Pt14Rh5","P1","16.00315046894369","17.72551459835058","0.7368421052631579","0.0","0.2631578947368421"
"remote:fffe807b53844e61a6250a8c1a8eaa20:3","Pt-Rh","Pt6Rh4","10","True","3","0.0071977493353188","2.7510355290181288","-6.572086334228516","0.0809650421142578","True","not redistributed; source identifier retained","data/model_validation/structures/S12_032_Pt-Rh_Pt6Rh4.cif","Pt3Rh2","P1","15.253404298079563","17.22357831480866","0.6","0.0","0.4"
"remote:93a6551d005d402bbf6f5bcfebc073a7:0","Pd-Rh","Pd2Rh2","4","True","3","0.0057455757632851","2.7495701567600275","-6.212729454040527","0.0727682113647461","True","not redistributed; source identifier retained","data/model_validation/structures/S12_033_Pd-Rh_Pd2Rh2.cif","Pd1Rh1","R-3m","14.773100234408314","11.764394925772837","0.0","0.5","0.5"
"remote:93a6551d005d402bbf6f5bcfebc073a7:1","Pd-Rh","Pd3Rh5","8","True","4","0.0079899439588189","2.685743090906985","-6.482203960418701","0.0753102302551269","True","not redistributed; source identifier retained","data/model_validation/structures/S12_034_Pd-Rh_Pd3Rh5.cif","Pd3Rh5","Pmm2","14.626596174941952","11.832355785031346","0.0","0.375","0.625"
"remote:93a6551d005d402bbf6f5bcfebc073a7:2","Pd-Rh","Pd4Rh4","8","True","4","0.008233867585659","2.7068541356000244","-6.200470447540283","0.0700445175170898","True","not redistributed; source identifier retained","data/model_validation/structures/S12_035_Pd-Rh_Pd4Rh4.cif","Pd1Rh1","Amm2","14.8804663717185","11.679511992038153","0.0","0.5","0.5"
"remote:93a6551d005d402bbf6f5bcfebc073a7:3","Pd-Rh","Pd11Rh6","17","True","4","0.0086834579706192","2.2213386944060405","-5.684760149787454","0.064824104309082","True","not redistributed; source identifier retained","data/model_validation/structures/S12_036_Pd-Rh_Pd11Rh6.cif","Pd11Rh6","Pm","15.822593196685242","11.038318014408258","0.0","0.6470588235294118","0.35294117647058826"
"remote:715f690423fa4a9aa574889b71c075b4:0","Pd-Rh","Pd4Rh2","6","True","3","0.0039532152004539","2.70089996978435","-5.844857533772786","0.0662264823913574","True","not redistributed; source identifier retained","data/model_validation/structures/S12_037_Pd-Rh_Pd4Rh2.cif","Pd2Rh1","Cmcm","15.071973168870043","11.595644726610747","0.0","0.6666666666666666","0.3333333333333333"
"remote:715f690423fa4a9aa574889b71c075b4:1","Pd-Rh","Pd5Rh","6","True","1","0.0099462242797017","2.768245077860873","-5.512573877970378","0.0625576972961425","True","not redistributed; source identifier retained","data/model_validation/structures/S12_038_Pd-Rh_Pd5Rh.cif","Pd5Rh1","Cmmm","15.205327995401356","11.557916212527424","0.0","0.8333333333333334","0.16666666666666666"
"remote:715f690423fa4a9aa574889b71c075b4:2","Pd-Rh","Pd12Rh3","15","True","4","0.0072890855371952","2.700762633531198","-5.586243693033854","0.0619487762451171","True","not redistributed; source identifier retained","data/model_validation/structures/S12_039_Pd-Rh_Pd12Rh3.cif","Pd4Rh1","P1","15.267127522754757","11.498389238006913","0.0","0.8","0.2"
"remote:715f690423fa4a9aa574889b71c075b4:3","Pd-Rh","Pd5Rh5","10","True","4","0.0072897635400295","2.6833536572199908","-6.199739456176758","0.0704154968261718","True","not redistributed; source identifier retained","data/model_validation/structures/S12_040_Pd-Rh_Pd5Rh5.cif","Pd1Rh1","C2","14.89152610203602","11.670837780141596","0.0","0.5","0.5"
"remote:ab0e3d2a5e3d4bd1b2f2ec9cc9182101:0","Pd-Rh","Pd13Rh2","15","True","4","0.0085406983271241","2.6860192463046344","-5.455456034342448","0.0612349510192871","True","not redistributed; source identifier retained","data/model_validation/structures/S12_041_Pd-Rh_Pd13Rh2.cif","Pd13Rh2","P-1","15.270440062672456","11.521373214177043","0.0","0.8666666666666667","0.13333333333333333"
"remote:ab0e3d2a5e3d4bd1b2f2ec9cc9182101:1","Pd-Rh","Pd13Rh2","15","True","3","0.0095956539735198","2.77111251500526","-5.450196329752604","0.0596222877502441","True","not redistributed; source identifier retained","data/model_validation/structures/S12_042_Pd-Rh_Pd13Rh2.cif","Pd13Rh2","P-1","15.375260632255989","11.442826454445315","0.0","0.8666666666666667","0.13333333333333333"
"remote:ab0e3d2a5e3d4bd1b2f2ec9cc9182101:2","Pd-Rh","Pd12Rh6","18","True","5","0.0087016187608242","2.683121298209478","-5.856454637315538","0.0659513473510742","True","not redistributed; source identifier retained","data/model_validation/structures/S12_043_Pd-Rh_Pd12Rh6.cif","Pd2Rh1","P-1","15.091016143394521","11.581012473552002","0.0","0.6666666666666666","0.3333333333333333"
"remote:ab0e3d2a5e3d4bd1b2f2ec9cc9182101:3","Pd-Rh","Pd4Rh3","7","True","2","0.0098285963758826","2.737345719937484","-6.035824911934989","0.0680246353149414","True","not redistributed; source identifier retained","data/model_validation/structures/S12_044_Pd-Rh_Pd4Rh3.cif","Pd4Rh3","Immm","14.959329424844528","11.645805443493867","0.0","0.5714285714285714","0.42857142857142855"
"remote:c723c086a6dd4e11a0ce6bed3abe473a:0","Pd-Rh","Pd5Rh","6","True","3","0.0085286563262343","2.761242219997828","-5.5237375895182295","0.0600619316101074","True","not redistributed; source identifier retained","data/model_validation/structures/S12_045_Pd-Rh_Pd5Rh.cif","Pd5Rh1","Amm2","15.397687920119138","11.413525710260446","0.0","0.8333333333333334","0.16666666666666666"
"remote:c723c086a6dd4e11a0ce6bed3abe473a:1","Pd-Rh","Pd3Rh5","8","True","3","0.008916825056076","2.6728410835395198","-6.4869818687438965","0.0717940330505371","True","not redistributed; source identifier retained","data/model_validation/structures/S12_046_Pd-Rh_Pd3Rh5.cif","Pd3Rh5","P4/mmm","14.807493542342888","11.687804514045297","0.0","0.375","0.625"
"remote:c723c086a6dd4e11a0ce6bed3abe473a:2","Pd-Rh","Pd14Rh4","18","True","4","0.0078487312421202","2.5883355446063456","-5.487730238172743","0.0605969429016113","True","not redistributed; source identifier retained","data/model_validation/structures/S12_047_Pd-Rh_Pd14Rh4.cif","Pd7Rh2","P1","15.910693165853056","11.02514421421405","0.0","0.7777777777777778","0.2222222222222222"
"remote:c723c086a6dd4e11a0ce6bed3abe473a:3","Pd-Rh","Pd4Rh8","12","True","7","0.0099574476480484","2.7036473257190545","-6.558279673258464","0.0767145156860351","True","not redistributed; source identifier retained","data/model_validation/structures/S12_048_Pd-Rh_Pd4Rh8.cif","Pd1Rh2","Pnma","14.5179171765333","11.90418174828402","0.0","0.3333333333333333","0.6666666666666666"
"remote:e4220f3898fc44aaa0b286be7b9ce381:0","Pt-Pd-Rh","Pd2Pt7Rh2","11","True","4","0.0077720498666167","2.681226279469395","-6.029247630726207","0.0793299674987793","True","not redistributed; source identifier retained","data/model_validation/structures/S12_049_Pt-Pd-Rh_Pd2Pt7Rh2.cif","Pd2Pt7Rh2","Cm","16.1766536079526","16.650249852182096","0.6363636363636364","0.18181818181818182","0.18181818181818182"
"remote:e4220f3898fc44aaa0b286be7b9ce381:1","Pt-Pd-Rh","Pd2Pt2Rh","5","True","3","0.0029401306528598","2.7603029844735096","-5.9529975891113285","0.0763382911682128","True","not redistributed; source identifier retained","data/model_validation/structures/S12_050_Pt-Pd-Rh_Pd2Pt2Rh.cif","Pd2Pt2Rh1","C2/m","15.21881688190673","15.404573891964672","0.4","0.4","0.2"
"remote:e4220f3898fc44aaa0b286be7b9ce381:2","Pt-Pd-Rh","Pd2Pt3Rh3","8","True","0","0.004501346964389","2.7563135016514444","-6.297619342803955","0.0772686004638671","True","not redistributed; source identifier retained","data/model_validation/structures/S12_051_Pt-Pd-Rh_Pd2Pt3Rh3.cif","Pd2Pt3Rh3","Pmmm","15.094202543420172","15.220237296205438","0.375","0.25","0.375"
"remote:e4220f3898fc44aaa0b286be7b9ce381:3","Pt-Pd-Rh","Pd11Pt4Rh5","20","True","5","0.0083692157641053","2.7231525103856797","-5.867234420776367","0.0716571807861328","True","not redistributed; source identifier retained","data/model_validation/structures/S12_052_Pt-Pd-Rh_Pd11Pt4Rh5.cif","Pd11Pt4Rh5","P1","15.128582936709927","13.530783724605628","0.2","0.55","0.25"
"remote:ee7eabbb94b640d394c587f04149ae1d:0","Pt-Pd-Rh","Pd2Pt5Rh5","12","True","3","0.0051260460168123","2.718288354420409","-6.432502746582031","0.0806479454040527","True","not redistributed; source identifier retained","data/model_validation/structures/S12_053_Pt-Pd-Rh_Pd2Pt5Rh5.cif","Pd2Pt5Rh5","Pm","14.994922168785438","15.713903780177917","0.4166666666666667","0.16666666666666666","0.4166666666666667"
"remote:ee7eabbb94b640d394c587f04149ae1d:1","Pt-Pd-Rh","Pd2Pt2Rh2","6","True","3","0.0094024874269962","2.736134093386103","-6.168586730957031","0.0763502120971679","True","not redistributed; source identifier retained","data/model_validation/structures/S12_054_Pt-Pd-Rh_Pd2Pt2Rh2.cif","Pd1Pt1Rh1","C2/m","15.089539670366527","14.834509849477532","0.3333333333333333","0.3333333333333333","0.3333333333333333"
"remote:ee7eabbb94b640d394c587f04149ae1d:2","Pt-Pd-Rh","Pd3Pt4Rh","8","True","1","0.0099754855036735","2.767071089458877","-5.882745265960693","0.0760941505432128","True","not redistributed; source identifier retained","data/model_validation/structures/S12_055_Pt-Pd-Rh_Pd3Pt4Rh.cif","Pd3Pt4Rh1","I-4m2","15.419396072088905","16.187410257910248","0.5","0.375","0.125"
"remote:ee7eabbb94b640d394c587f04149ae1d:3","Pt-Pd-Rh","Pd3Pt4Rh2","9","True","3","0.0069729145616292","2.757657493760521","-6.038079579671224","0.077517032623291","True","not redistributed; source identifier retained","data/model_validation/structures/S12_056_Pt-Pd-Rh_Pd3Pt4Rh2.cif","Pd3Pt4Rh2","Cm","15.230206428651078","15.81418212474717","0.4444444444444445","0.33333333333333337","0.22222222222222224"
"remote:204589903da149a38b67c87104deebd3:0","Pt-Pd-Rh","PdPt5Rh6","12","True","4","0.0064118155278265","2.6930708669711394","-6.61959711710612","0.0770187377929687","True","not redistributed; source identifier retained","data/model_validation/structures/S12_057_Pt-Pd-Rh_PdPt5Rh6.cif","Pd1Pt5Rh6","Cm","15.17274634822356","15.497684359514249","0.4166666666666667","0.08333333333333333","0.5"
"remote:204589903da149a38b67c87104deebd3:1","Pt-Pd-Rh","Pd3Pt2Rh3","8","True","3","0.0066074333153665","2.7364906728718945","-6.194242477416992","0.0766096115112304","True","not redistributed; source identifier retained","data/model_validation/structures/S12_058_Pt-Pd-Rh_Pd3Pt2Rh3.cif","Pd3Pt2Rh3","C2/m","14.926913404977736","14.157889462702189","0.25","0.375","0.375"
"remote:204589903da149a38b67c87104deebd3:3","Pt-Pd-Rh","Pd2PtRh2","5","True","3","0.0090802600607275","2.7291626333657053","-6.180228805541992","0.0736827850341796","True","not redistributed; source identifier retained","data/model_validation/structures/S12_059_Pt-Pd-Rh_Pd2PtRh2.cif","Pd2Pt1Rh2","C2/m","15.019553231513433","13.57072250758186","0.2","0.4","0.4"
"remote:f52d080196d24970b97ec35f0c1f4df3:0","Pt-Pd-Rh","Pd9Pt2Rh2","13","True","3","0.0095120836049318","2.7147121253865083","-5.639851496769832","0.0654363632202148","True","not redistributed; source identifier retained","data/model_validation/structures/S12_060_Pt-Pd-Rh_Pd9Pt2Rh2.cif","Pd9Pt2Rh2","P1","15.360713194304994","12.92046139219147","0.15384615384615385","0.6923076923076923","0.15384615384615385"
"remote:6395b7cee6cd478fa805b5b3514cc06b:0","Pt-Pd-Rh","Pd3Pt4Rh5","12","True","4","0.0081494823098182","2.708520733477336","-6.35917599995931","0.0768647193908691","True","not redistributed; source identifier retained","data/model_validation/structures/S12_061_Pt-Pd-Rh_Pd3Pt4Rh5.cif","Pd3Pt4Rh5","Cm","15.063748291272672","14.827623919720553","0.3333333333333333","0.25","0.4166666666666667"
"remote:6395b7cee6cd478fa805b5b3514cc06b:1","Pt-Pd-Rh","Pd2Pt5Rh9","16","True","5","0.0090264389291405","2.704548586195418","-6.659763813018799","0.08123779296875","True","not redistributed; source identifier retained","data/model_validation/structures/S12_062_Pt-Pd-Rh_Pd2Pt5Rh9.cif","Pd2Pt5Rh9","Pm","14.796859297812931","14.830256846146053","0.3125","0.125","0.5625"
"remote:6395b7cee6cd478fa805b5b3514cc06b:2","Pt-Pd-Rh","Pd5Pt2Rh5","12","True","3","0.0072909649461507","2.578272144017425","-6.115508397420247","0.0695753097534179","True","not redistributed; source identifier retained","data/model_validation/structures/S12_063_Pt-Pd-Rh_Pd5Pt2Rh5.cif","Pd5Pt2Rh5","Cm","15.48608753571626","12.83870149198886","0.16666666666666666","0.4166666666666667","0.4166666666666667"
"remote:6395b7cee6cd478fa805b5b3514cc06b:3","Pt-Pd-Rh","Pd5Pt10Rh3","18","True","3","0.009074343368411","2.735120913167916","-6.030203925238715","0.0773477554321289","True","not redistributed; source identifier retained","data/model_validation/structures/S12_064_Pt-Pd-Rh_Pd5Pt10Rh3.cif","Pd5Pt10Rh3","P1","15.449656617898134","16.669391286319907","0.5555555555555556","0.2777777777777778","0.16666666666666666"
