job,nat,ecutwfc_Ry,ecutrho_Ry,kmesh,kshift,final_energy_Ry,final_enthalpy_Ry,accuracy_Ry,pressure_kbar,max_atom_force_Ry_bohr,degauss_Ry,input_matches_package
c110_alloy,20,110.0,440.0,5x4x4,0 1 1,-5239.08194595,,9.7e-09,-0.01,0.00023456506645278617,0.02,True
c110_ref_Pt,1,110.0,440.0,12x12x12,1 1 1,-261.18491564,-261.1849120879,4.3e-13,0.1,0.0,0.02,True
c110_ref_Pd,1,110.0,440.0,12x12x12,1 1 1,-270.98097218,-270.9809696099,3.4e-12,0.13,0.0,0.02,True
c110_ref_Rh,1,110.0,440.0,12x12x12,1 1 1,-234.57774395,-234.5777415162,6.3e-11,0.06,0.0,0.02,True
c120_alloy,20,120.0,480.0,5x4x4,0 1 1,-5239.08207737,,9.7e-09,0.03,0.00023446801999419878,0.02,True
c120_ref_Pt,1,120.0,480.0,12x12x12,1 1 1,-261.1849231,-261.1849214694,6.7e-13,0.03,0.0,0.02,True
c120_ref_Pd,1,120.0,480.0,12x12x12,1 1 1,-270.9809763,-270.9809748711,3.3e-12,0.05,0.0,0.02,True
c120_ref_Rh,1,120.0,480.0,12x12x12,1 1 1,-234.5777537,-234.5777526097,6.3e-11,0.07,0.0,0.02,True
k_dense2_alloy,20,110.0,440.0,7x6x6,0 1 1,-5239.08385045,,5.5e-09,-0.6,0.0008599379788101001,0.02,True
k_dense2_ref_Pt,1,110.0,440.0,16x16x16,1 1 1,-261.18491137,-261.1849078267,3.5e-13,0.1,0.0,0.02,True
k_dense2_ref_Pd,1,110.0,440.0,16x16x16,1 1 1,-270.98092535,-270.9809227619,2.8e-12,0.1,0.0,0.02,True
k_dense2_ref_Rh,1,110.0,440.0,16x16x16,1 1 1,-234.57777315,-234.5777707291,5.2e-11,0.05,0.0,0.02,True
c100_alloy,20,100.0,400.0,5x4x4,0 1 1,-5239.0814784,,9.7e-09,-0.23,0.00023432057933523467,0.02,True
c100_ref_Pt,1,100.0,400.0,12x12x12,1 1 1,-261.1848904,-261.1848821645,5.1e-13,0.05,0.0,0.02,True
c100_ref_Pd,1,100.0,400.0,12x12x12,1 1 1,-270.98094951,-270.9809386607,3.3e-12,0.16,0.0,0.02,True
c100_ref_Rh,1,100.0,400.0,12x12x12,1 1 1,-234.57773098,-234.5777301895,6.1e-11,0.02,0.0,0.02,True
k_dense1_alloy,20,110.0,440.0,6x5x5,0 1 1,-5239.08542433,,5.3e-09,-1.07,0.0008186378946762726,0.02,True
k_dense1_ref_Pt,1,110.0,440.0,14x14x14,1 1 1,-261.18490067,-261.1848971152,8.6e-13,0.1,0.0,0.02,True
k_dense1_ref_Pd,1,110.0,440.0,14x14x14,1 1 1,-270.98091415,-270.9809115471,1.7e-12,0.09,0.0,0.02,True
k_dense1_ref_Rh,1,110.0,440.0,14x14x14,1 1 1,-234.5777853,-234.5777828862,5.4e-11,0.06,0.0,0.02,True
c090_alloy,20,90.0,360.0,5x4x4,0 1 1,-5239.08079263,,9.7e-09,-0.1,0.0002339381016422934,0.02,True
c090_ref_Pt,1,90.0,360.0,12x12x12,1 1 1,-261.18486096,-261.1848595928,4.2e-13,-0.0,0.0,0.02,True
c090_ref_Pd,1,90.0,360.0,12x12x12,1 1 1,-270.98090138,-270.9808957295,2.9e-12,-0.03,0.0,0.02,True
c090_ref_Rh,1,90.0,360.0,12x12x12,1 1 1,-234.57771608,-234.5777039232,5.8e-11,0.51,0.0,0.02,True
c080_alloy,20,80.0,320.0,5x4x4,0 1 1,-5239.07885554,,9.7e-09,-2.56,0.00023126844207543753,0.02,True
c080_ref_Pt,1,80.0,320.0,12x12x12,1 1 1,-261.18479019,-261.1847214593,3.2e-13,1.71,0.0,0.02,True
c080_ref_Pd,1,80.0,320.0,12x12x12,1 1 1,-270.98087449,-270.980837921,2.4e-12,1.22,0.0,0.02,True
c080_ref_Rh,1,80.0,320.0,12x12x12,1 1 1,-234.57719102,-234.5770466202,4.8e-11,2.64,0.0,0.02,True
k_coarse_alloy,20,110.0,440.0,4x3x3,0 1 1,-5239.07729037,,9.2e-09,-0.03,0.0011868232770720331,0.02,True
k_coarse_ref_Pt,1,110.0,440.0,10x10x10,1 1 1,-261.18491459,-261.1849110306,5.9e-13,0.1,0.0,0.02,True
k_coarse_ref_Pd,1,110.0,440.0,10x10x10,1 1 1,-270.98085024,-270.9808476168,7.8e-11,0.1,0.0,0.02,True
k_coarse_ref_Rh,1,110.0,440.0,10x10x10,1 1 1,-234.5777826,-234.5777801976,5.2e-11,0.06,0.0,0.02,True
