cohort,candidate_id,source_record_id,system,formula,atom_count,model_energy_eV_per_atom,model_max_force_eV_A,scheduled_for_DFT,completed_screening_DFT
DFT_screening_source_pool,Pt-Pd-01_Pd4Pt4,remote:433d4c8ff7504d38a755971119d48cea:0,Pt-Pd,Pd4Pt4,8,-5.636825085,0.01412772,TRUE,TRUE
DFT_screening_source_pool,Pt-Pd-08_Pd5Pt15,remote:433d4c8ff7504d38a755971119d48cea:7,Pt-Pd,Pd5Pt15,20,-5.862543869,0.018371802,TRUE,FALSE
DFT_screening_source_pool,Pt-Pd-09_Pd3Pt,remote:433d4c8ff7504d38a755971119d48cea:8,Pt-Pd,Pd3Pt,4,-5.420624733,0.018219594,TRUE,TRUE
DFT_screening_source_pool,Pt-Pd-11_Pd2Pt5,remote:433d4c8ff7504d38a755971119d48cea:10,Pt-Pd,Pd2Pt5,7,-5.830043248,0.013412023,TRUE,TRUE
DFT_screening_source_pool,Pt-Pd-13_PdPt2,remote:433d4c8ff7504d38a755971119d48cea:12,Pt-Pd,PdPt2,3,-5.714161555,0.018716112,TRUE,TRUE
DFT_screening_source_pool,Pt-Pd-15_Pd4Pt4,remote:433d4c8ff7504d38a755971119d48cea:14,Pt-Pd,Pd4Pt4,8,-5.632109165,0.012864361,TRUE,TRUE
DFT_screening_source_pool,Pt-Rh-01_Pt6Rh4,remote:a2677410c3dd4fc2a64d141e03da221f:1,Pt-Rh,Pt6Rh4,10,-6.579470825,0.014840662,TRUE,TRUE
DFT_screening_source_pool,Pt-Rh-02_PtRh7,remote:a2677410c3dd4fc2a64d141e03da221f:2,Pt-Rh,PtRh7,8,-7.184454918,0.016906114,TRUE,TRUE
DFT_screening_source_pool,Pt-Rh-04_Pt3Rh7,remote:a2677410c3dd4fc2a64d141e03da221f:4,Pt-Rh,Pt3Rh7,10,-6.965817261,0.011421977,TRUE,TRUE
DFT_screening_source_pool,Pt-Rh-08_Pt2Rh3,remote:a2677410c3dd4fc2a64d141e03da221f:8,Pt-Rh,Pt2Rh3,5,-6.836431885,0.019966012,TRUE,TRUE
DFT_screening_source_pool,Pt-Rh-13_Pt3Rh,remote:a2677410c3dd4fc2a64d141e03da221f:13,Pt-Rh,Pt3Rh,4,-6.384409904,0.003876068,TRUE,TRUE
DFT_screening_source_pool,Pt-Rh-16_Pt2Rh4,remote:90344d8a944b4b6da000518ed77c8cf1:0,Pt-Rh,Pt2Rh4,6,-6.918004354,0.019524818,TRUE,TRUE
DFT_screening_source_pool,Pd-Rh-01_Pd4Rh,remote:d917455d82ed4436879c62b024791140:0,Pd-Rh,Pd4Rh,5,-5.573629379,0.010931032,TRUE,TRUE
DFT_screening_source_pool,Pd-Rh-05_Pd6Rh6,remote:d917455d82ed4436879c62b024791140:4,Pd-Rh,Pd6Rh6,12,-6.222352346,0.012514752,TRUE,TRUE
DFT_screening_source_pool,Pd-Rh-06_PdRh3,remote:d917455d82ed4436879c62b024791140:5,Pd-Rh,PdRh3,4,-6.762480259,0.015917221,TRUE,TRUE
DFT_screening_source_pool,Pd-Rh-08_Pd3Rh5,remote:d917455d82ed4436879c62b024791140:7,Pd-Rh,Pd3Rh5,8,-6.463701248,0.01522127,TRUE,TRUE
DFT_screening_source_pool,Pd-Rh-10_Pd6Rh3,remote:d917455d82ed4436879c62b024791140:9,Pd-Rh,Pd6Rh3,9,-5.864578671,0.016898081,TRUE,TRUE
DFT_screening_source_pool,Pd-Rh-14_Pd2Rh6,remote:d917455d82ed4436879c62b024791140:13,Pd-Rh,Pd2Rh6,8,-6.767796516,0.018883392,TRUE,TRUE
DFT_screening_source_pool,Pd-Rh-15_Pd3Rh2,remote:d917455d82ed4436879c62b024791140:14,Pd-Rh,Pd3Rh2,5,-6.016754913,0.009184588,TRUE,TRUE
DFT_screening_source_pool,Pd-Rh-16_Pd5Rh7,remote:d917455d82ed4436879c62b024791140:15,Pd-Rh,Pd5Rh7,12,-6.404229482,0.016196661,TRUE,TRUE
DFT_screening_source_pool,Pt-Pd-Rh-01_Pd2Pt5Rh3,remote:aa3b5a311cc24d9498d7a70670188696:0,Pt-Pd-Rh,Pd2Pt5Rh3,10,-6.260546112,0.018853173,TRUE,TRUE
DFT_screening_source_pool,Pt-Pd-Rh-02_Pd2Pt3Rh3,remote:aa3b5a311cc24d9498d7a70670188696:1,Pt-Pd-Rh,Pd2Pt3Rh3,8,-6.297224998,0.017272083,TRUE,TRUE
DFT_screening_source_pool,Pt-Pd-Rh-03_PdPt7Rh6,remote:aa3b5a311cc24d9498d7a70670188696:2,Pt-Pd-Rh,PdPt7Rh6,14,-6.54384613,0.01862756,TRUE,TRUE
DFT_screening_source_pool,Pt-Pd-Rh-04_Pd2Pt3Rh2,remote:aa3b5a311cc24d9498d7a70670188696:3,Pt-Pd-Rh,Pd2Pt3Rh2,7,-6.179605212,0.015491181,TRUE,TRUE
DFT_screening_source_pool,Pt-Pd-Rh-05_Pd2Pt4Rh,remote:aa3b5a311cc24d9498d7a70670188696:5,Pt-Pd-Rh,Pd2Pt4Rh,7,-5.996421814,0.016032742,TRUE,TRUE
DFT_screening_source_pool,Pt-Pd-Rh-07_Pd4Pt3Rh,remote:aa3b5a311cc24d9498d7a70670188696:7,Pt-Pd-Rh,Pd4Pt3Rh,8,-5.791814804,0.017532589,TRUE,TRUE
DFT_screening_source_pool,Pt-Pd-Rh-08_PdPt6Rh3,remote:aa3b5a311cc24d9498d7a70670188696:8,Pt-Pd-Rh,PdPt6Rh3,10,-6.360201263,0.012487385,TRUE,TRUE
DFT_screening_source_pool,Pt-Pd-Rh-09_Pd2Pt7Rh2,remote:aa3b5a311cc24d9498d7a70670188696:9,Pt-Pd-Rh,Pd2Pt7Rh2,11,-6.137874256,0.017899154,TRUE,TRUE
DFT_screening_source_pool,Pt-Pd-Rh-10_Pd8Pt5Rh3,remote:aa3b5a311cc24d9498d7a70670188696:10,Pt-Pd-Rh,Pd8Pt5Rh3,16,-5.843719959,0.014878162,TRUE,TRUE
DFT_screening_source_pool,Pt-Pd-Rh-12_Pd2Pt2Rh2,remote:aa3b5a311cc24d9498d7a70670188696:12,Pt-Pd-Rh,Pd2Pt2Rh2,6,-6.187502543,0.01426149,TRUE,TRUE
DFT_screening_source_pool,Pt-Pd-Rh-13_Pd2PtRh,remote:aa3b5a311cc24d9498d7a70670188696:13,Pt-Pd-Rh,Pd2PtRh,4,-5.951211929,0.013973149,TRUE,TRUE
DFT_screening_source_pool,Pt-Pd-Rh-16_Pd7Pt11Rh2,remote:84d5ffdf7646402382fd131841be4fd5:0,Pt-Pd-Rh,Pd7Pt11Rh2,20,-5.89636116,0.019195234,TRUE,TRUE
