system,candidate_id,formula,x_second_element,formation_energy_eV_atom,energy_above_hull_eV_atom,near_hull_10meV
Pt-Pd,Pt-Pd-09_Pd3Pt,Pd3Pt,0.75,0.0129212587298752,0.0285934355460995,False
Pt-Pd,Pt-Pd-01_Pd4Pt4,PdPt,0.5,-0.0313443536324484,0.0,True
Pt-Pd,Pt-Pd-15_Pd4Pt4,PdPt,0.5,0.0190653856589051,0.0504097392913536,False
Pt-Pd,Pt-Pd-13_PdPt2,PdPt2,0.3333333333333333,0.0212344959600159,0.0421307317137689,False
Pt-Pd,Pt-Pd-11_Pd2Pt5,Pd2Pt5,0.2857142857142857,-0.0148259099951246,0.0030851492228975,True
Pt-Rh,Pt-Rh-04_Pt3Rh7,Pt3Rh7,0.7,-0.0218726619286826,0.0,True
Pt-Rh,Pt-Rh-13_Pt3Rh,Pt3Rh,0.25,-0.0156210024051688,0.0008263587769761,True
Pt-Rh,Pt-Rh-16_Pt2Rh4,PtRh2,0.6666666666666666,0.0322666722304347,0.0561531717548859,False
Pt-Rh,Pt-Rh-02_PtRh7,PtRh7,0.875,-0.0091560362225209,0.0,True
Pt-Rh,Pt-Rh-01_Pt6Rh4,Pt3Rh2,0.4,-0.0263157778917957,0.0,True
Pt-Rh,Pt-Rh-08_Pt2Rh3,Pt2Rh3,0.6,-0.0279141747178073,0.0,True
Pd-Rh,Pd-Rh-16_Pd5Rh7,Pd5Rh7,0.5833333333333334,0.0725063033073638,0.0725063033073638,False
Pd-Rh,Pd-Rh-06_PdRh3,PdRh3,0.75,0.1077470213217566,0.1077470213217566,False
Pd-Rh,Pd-Rh-15_Pd3Rh2,Pd3Rh2,0.4,0.0695247653216029,0.0695247653216029,False
Pd-Rh,Pd-Rh-08_Pd3Rh5,Pd3Rh5,0.625,0.0907310272027643,0.0907310272027643,False
Pd-Rh,Pd-Rh-10_Pd6Rh3,Pd2Rh,0.3333333333333333,0.0726903354243404,0.0726903354243404,False
Pd-Rh,Pd-Rh-14_Pd2Rh6,PdRh3,0.75,0.0572130960663344,0.0572130960663344,False
Pd-Rh,Pd-Rh-05_Pd6Rh6,PdRh,0.5,0.0589008596220992,0.0589008596220992,False
Pd-Rh,Pd-Rh-01_Pd4Rh,Pd4Rh,0.2,0.0541254064628446,0.0541254064628446,False
