"candidate_id","series","source_cif","input_file","formula","elements","num_atoms","kpoint_a","kpoint_b","kpoint_c","spin_polarized","estimated_cost","status","paper_system","paper_candidate_number","model_energy_ev_per_atom","model_max_force_ev_a","composition_x_a","composition_x_b","composition_x_c","execution_series","system","backup_status","qe_job_done","energy_ry","fermi_energy_ev","total_force_ry_bohr","total_magnetization_bohr_cell","last_scf_iteration","wall_seconds","energy_ev","energy_ev_per_atom","formation_energy_ev_per_atom","energy_above_hull_ev_per_atom","reduced_formula","near_hull_10mev","on_candidate_hull","plot_x","plot_y"
"Pt-Pd-Rh-08_PdPt6Rh3","dft-paper-worker-01","data/screening/structures/Pt-Pd-Rh-08_PdPt6Rh3.cif","data/screening/inputs/Pt-Pd-Rh-08_PdPt6Rh3.in","Pd(Pt2Rh)3","Pd-Pt-Rh","10","10","10","2","False","2000","pending","Pt-Pd-Rh","8","-6.360201263427735","0.0124873854219913","0.6","0.1","0.3","dft-paper-worker-01","Pt-Pd-Rh","completed","True","-7101.08598941","23.5695","0.00914","","40.0","","-96615.19681190468","-9661.519681190468","-0.0060103965734015","0.0099165121519035","Pd1Pt6Rh3","True","False","0.25","0.25980762113533157"
"Pt-Pd-Rh-01_Pd2Pt5Rh3","dft-paper-worker-02","data/screening/structures/Pt-Pd-Rh-01_Pd2Pt5Rh3.cif","data/screening/inputs/Pt-Pd-Rh-01_Pd2Pt5Rh3.in","Pd2Pt5Rh3","Pd-Pt-Rh","10","8","6","3","False","1440","pending","Pt-Pd-Rh","1","-6.260546112060547","0.0188531726598739","0.5","0.2","0.3","dft-paper-worker-02","Pt-Pd-Rh","completed","True","-6321.44671074","23.1402","0.006556","","24.0","","-86007.66403968826","-8600.766403968826","-0.0089675667604751","0.009523580678433","Pd2Pt5Rh3","True","False","0.35","0.25980762113533157"
"Pt-Pd-Rh-07_Pd4Pt3Rh","dft-paper-worker-03","data/screening/structures/Pt-Pd-Rh-07_Pd4Pt3Rh.cif","data/screening/inputs/Pt-Pd-Rh-07_Pd4Pt3Rh.in","Pd4Pt3Rh","Pd-Pt-Rh","8","10","6","3","False","1440","pending","Pt-Pd-Rh","7","-5.791814804077148","0.0175325889140367","0.375","0.5","0.125","dft-paper-worker-03","Pt-Pd-Rh","completed","True","-4328.29545897","21.5114","0.0075","","24.0","","-58889.45976039429","-7361.182470049286","0.0103152752899404","0.0238380057371614","Pd4Pt3Rh1","False","False","0.5625","0.10825317547305482"
"Pt-Pd-Rh-12_Pd2Pt2Rh2","dft-paper-worker-04","data/screening/structures/Pt-Pd-Rh-12_Pd2Pt2Rh2.cif","data/screening/inputs/Pt-Pd-Rh-12_Pd2Pt2Rh2.in","PdPtRh","Pd-Pt-Rh","6","10","10","3","False","1800","pending","Pt-Pd-Rh","12","-6.187502543131511","0.0142614897340536","0.3333333333333333","0.3333333333333333","0.3333333333333333","dft-paper-worker-04","Pt-Pd-Rh","completed","True","-3005.95972525","22.2764","0.00983","","19.0","","-40898.16556183086","-6816.36092697181","0.0159965081938935","0.0286201942190018","Pd1Pt1Rh1","False","False","0.5","0.28867513459481287"
"Pt-Pd-Rh-02_Pd2Pt3Rh3","dft-paper-worker-04","data/screening/structures/Pt-Pd-Rh-02_Pd2Pt3Rh3.cif","data/screening/inputs/Pt-Pd-Rh-02_Pd2Pt3Rh3.in","Pd2(PtRh)3","Pd-Pt-Rh","8","7","7","4","False","1568","pending","Pt-Pd-Rh","2","-6.297224998474121","0.0172720830887556","0.375","0.25","0.375","dft-paper-worker-04","Pt-Pd-Rh","completed","True","-4255.74337741","22.7065","0.008824","","19.0","","-57902.33840325449","-7237.792300406812","-0.0004320998068578","0.0137695469711616","Pd2Pt3Rh3","False","False","0.4375","0.3247595264191645"
"Pt-Pd-Rh-03_PdPt7Rh6","dft-paper-worker-06","data/screening/structures/Pt-Pd-Rh-03_PdPt7Rh6.cif","data/screening/inputs/Pt-Pd-Rh-03_PdPt7Rh6.in","PdPt7Rh6","Pd-Pt-Rh","14","5","5","5","False","1750","pending","Pt-Pd-Rh","3","-6.543846130371094","0.0186275597661733","0.5","0.0714285714285714","0.4285714285714285","dft-paper-worker-06","Pt-Pd-Rh","completed","True","-8784.73309107","23.6691","0.020119","","24.0","","-119522.38260450892","-8537.313043179209","-0.0189355290385719","0.0","Pd1Pt7Rh6","True","True","0.2857142857142857","0.3711537444790451"
"Pt-Pd-Rh-16_Pd7Pt11Rh2","dft-paper-worker-09","data/screening/structures/Pt-Pd-Rh-16_Pd7Pt11Rh2.cif","data/screening/inputs/Pt-Pd-Rh-16_Pd7Pt11Rh2.in","Pd7Pt11Rh2","Pd-Pt-Rh","20","5","4","4","False","1600","pending","Pt-Pd-Rh","16","-5.89636116027832","0.0191952344030141","0.55","0.35","0.1","dft-paper-worker-09","Pt-Pd-Rh","completed","True","-13567.66722443","22.6158","0.010831","","39.0","","-184597.51665049835","-9229.875832524918","-0.0195453128799272","0.0","Pd7Pt11Rh2","True","True","0.39999999999999997","0.08660254037844387"
"Pt-Pd-Rh-05_Pd2Pt4Rh","dft-paper-worker-10","data/screening/structures/Pt-Pd-Rh-05_Pd2Pt4Rh.cif","data/screening/inputs/Pt-Pd-Rh-05_Pd2Pt4Rh.in","Pd2Pt4Rh","Pd-Pt-Rh","7","8","6","5","False","1680","pending","Pt-Pd-Rh","5","-5.996421813964844","0.0160327423363924","0.5714285714285714","0.2857142857142857","0.1428571428571428","dft-paper-worker-10","Pt-Pd-Rh","completed","True","-4854.74362444","23.2604","0.0063","","17.0","","-66052.15194494226","-9436.021706420324","-0.0149547559049096","0.0035880206942238","Pd2Pt4Rh1","True","False","0.3571428571428571","0.12371791482634836"
"Pt-Pd-Rh-04_Pd2Pt3Rh2","dft-paper-worker-11","data/screening/structures/Pt-Pd-Rh-04_Pd2Pt3Rh2.cif","data/screening/inputs/Pt-Pd-Rh-04_Pd2Pt3Rh2.in","Pd2Pt3Rh2","Pd-Pt-Rh","7","8","6","5","False","1680","pending","Pt-Pd-Rh","4","-6.179605211530413","0.0154911810532212","0.4285714285714285","0.2857142857142857","0.2857142857142857","dft-paper-worker-11","Pt-Pd-Rh","completed","True","-4038.82133753","22.5406","0.012276","","16.0","","-54950.96369703335","-7850.137671004764","-0.0117781958606428","0.0041701105519678","Pd2Pt3Rh2","True","False","0.4285714285714286","0.24743582965269678"
"Pt-Pd-Rh-09_Pd2Pt7Rh2","dft-paper-worker-11","data/screening/structures/Pt-Pd-Rh-09_Pd2Pt7Rh2.cif","data/screening/inputs/Pt-Pd-Rh-09_Pd2Pt7Rh2.in","Pd2Pt7Rh2","Pd-Pt-Rh","11","6","5","5","False","1650","pending","Pt-Pd-Rh","9","-6.137874256480824","0.0178991537541151","0.6363636363636364","0.1818181818181818","0.1818181818181818","dft-paper-worker-11","Pt-Pd-Rh","completed","True","-8170.22231162","23.737","0.011126","","24.0","","-111161.53751854035","-10105.594319867309","-0.0161303408021922","0.0","Pd2Pt7Rh2","True","True","0.2727272727272727","0.15745916432444337"
"Pt-Pd-Rh-13_Pd2PtRh","dft-paper-worker-12","data/screening/structures/Pt-Pd-Rh-13_Pd2PtRh.cif","data/screening/inputs/Pt-Pd-Rh-13_Pd2PtRh.in","Pd2PtRh","Pd-Pt-Rh","4","10","10","4","False","1600","pending","Pt-Pd-Rh","13","-5.951211929321289","0.0139731485396623","0.25","0.5","0.25","dft-paper-worker-12","Pt-Pd-Rh","completed","True","-1756.18748052","21.2727","0.015838","","13.0","","-23894.147926399124","-5973.536981599781","0.0100522262209779","0.0195199907402638","Pd2Pt1Rh1","False","False","0.625","0.21650635094610965"
"Pt-Pd-Rh-10_Pd8Pt5Rh3","dft-paper-worker-12","data/screening/structures/Pt-Pd-Rh-10_Pd8Pt5Rh3.cif","data/screening/inputs/Pt-Pd-Rh-10_Pd8Pt5Rh3.in","Pd8Pt5Rh3","Pd-Pt-Rh","16","7","5","3","False","1680","pending","Pt-Pd-Rh","10","-5.843719959259033","0.0148781621828675","0.3125","0.5","0.1875","dft-paper-worker-12","Pt-Pd-Rh","completed","True","-7840.66406527","21.5311","0.013136","","29.0","","-106677.6691525502","-6667.354322034388","0.015587540900924","0.0271445080497869","Pd8Pt5Rh3","False","False","0.59375","0.16237976320958225"
