"candidate_id","series","source_cif","input_file","formula","elements","num_atoms","kpoint_a","kpoint_b","kpoint_c","spin_polarized","estimated_cost","status","paper_system","paper_candidate_number","model_energy_ev_per_atom","model_max_force_ev_a","composition_x_a","composition_x_b","composition_x_c","execution_series","system","backup_status","qe_job_done","energy_ry","fermi_energy_ev","total_force_ry_bohr","total_magnetization_bohr_cell","last_scf_iteration","wall_seconds","energy_ev","energy_ev_per_atom","formation_energy_ev_per_atom","energy_above_hull_ev_per_atom"
"Pt-Pd-09_Pd3Pt","dft-paper-worker-01","data/screening/structures/Pt-Pd-09_Pd3Pt.cif","data/screening/inputs/dft-paper-worker-01/Pt-Pd-09_Pd3Pt.in","Pd3Pt","Pd-Pt","4","10","6","6","False","1440","pending","Pt-Pd","9","-5.420624732971191","0.018219593912363052","","0.75","","dft-paper-worker-01","Pt-Pd","completed","True","-1792.46583749","20.4754","0.004144","","13","","-24387.740118339374","-6096.9350295848435","0.012921258729875262","0.0285934355460995"
"Pt-Pd-Rh-08_PdPt6Rh3","dft-paper-worker-01","data/screening/structures/Pt-Pd-Rh-08_PdPt6Rh3.cif","data/screening/inputs/dft-paper-worker-01/Pt-Pd-Rh-08_PdPt6Rh3.in","Pd(Pt2Rh)3","Pd-Pt-Rh","10","10","10","2","False","2000","pending","Pt-Pd-Rh","8","-6.360201263427735","0.012487385421991348","0.6","0.1","0.3","dft-paper-worker-01","Pt-Pd-Rh","completed","True","-7101.08598941","23.5695","0.00914","","40","","-96615.19681190468","-9661.519681190468","-0.006010396573401522","0.00991651215190359"
"Pt-Pd-Rh-01_Pd2Pt5Rh3","dft-paper-worker-02","data/screening/structures/Pt-Pd-Rh-01_Pd2Pt5Rh3.cif","data/screening/inputs/dft-paper-worker-02/Pt-Pd-Rh-01_Pd2Pt5Rh3.in","Pd2Pt5Rh3","Pd-Pt-Rh","10","8","6","3","False","1440","pending","Pt-Pd-Rh","1","-6.260546112060547","0.018853172659873962","0.5","0.2","0.3","dft-paper-worker-02","Pt-Pd-Rh","completed","True","-6321.44671074","23.1402","0.006556","","24","","-86007.66403968826","-8600.766403968826","-0.008967566760475165","0.009523580678433063"
"Pt-Rh-04_Pt3Rh7","dft-paper-worker-02","data/screening/structures/Pt-Rh-04_Pt3Rh7.cif","data/screening/inputs/dft-paper-worker-02/Pt-Rh-04_Pt3Rh7.in","Pt3Rh7","Pt-Rh","10","7","5","4","False","1400","pending","Pt-Rh","4","-6.965817260742187","0.01142197661101818","","0.7","","dft-paper-worker-02","Pt-Rh","completed","True","-4617.05648971","23.0834","0.006714","","27","","-62818.25373052216","-6281.8253730522165","-0.021872661928682646","0.0"
"Pd-Rh-16_Pd5Rh7","dft-static-v3-worker-04","data/screening/structures/Pd-Rh-16_Pd5Rh7.cif","data/screening/inputs/dft-paper-worker-02/Pd-Rh-16_Pd5Rh7.in","Pd5Rh7","Pd-Rh","12","10","4","4","False","1920","pending","Pd-Rh","16","-6.404229482014974","0.016196660697460175","","0.5833333333333334","","dft-paper-worker-02","Pd-Rh","completed","True","-2784.46619983","20.7082","0.014157","","30","","-37884.59262623626","-3157.0493855196887","0.07250630330736385","0.07250630330736385"
"Pd-Rh-06_PdRh3","dft-static-v3-worker-07","data/screening/structures/Pd-Rh-06_PdRh3.cif","data/screening/inputs/dft-paper-worker-03/Pd-Rh-06_PdRh3.in","PdRh3","Pd-Rh","4","10","6","6","False","1440","pending","Pd-Rh","6","-6.76248025894165","0.0159172210842371","","0.75","","dft-paper-worker-03","Pd-Rh","completed","True","-903.95890573","21.306","0.004752","","11","1115.82","-12298.98746715984","-3074.74686678996","0.10774702132175662","0.10774702132175662"
"Pd-Rh-15_Pd3Rh2","dft-paper-worker-03","data/screening/structures/Pd-Rh-15_Pd3Rh2.cif","data/screening/inputs/dft-paper-worker-03/Pd-Rh-15_Pd3Rh2.in","Pd3Rh2","Pd-Rh","5","11","11","3","False","1815","pending","Pd-Rh","15","-6.016754913330078","0.009184587746858597","","0.4","","dft-paper-worker-03","Pd-Rh","completed","True","-1193.45127937","20.124","0.009825","","13","","-16237.7318643528","-3247.54637287056","0.0695247653216029","0.0695247653216029"
"Pt-Pd-Rh-07_Pd4Pt3Rh","dft-paper-worker-03","data/screening/structures/Pt-Pd-Rh-07_Pd4Pt3Rh.cif","data/screening/inputs/dft-paper-worker-03/Pt-Pd-Rh-07_Pd4Pt3Rh.in","Pd4Pt3Rh","Pd-Pt-Rh","8","10","6","3","False","1440","pending","Pt-Pd-Rh","7","-5.791814804077148","0.01753258891403675","0.375","0.5","0.125","dft-paper-worker-03","Pt-Pd-Rh","completed","True","-4328.29545897","21.5114","0.0075","","24","","-58889.45976039429","-7361.182470049286","0.010315275289940473","0.02383800573716144"
"Pt-Pd-Rh-12_Pd2Pt2Rh2","dft-paper-worker-04","data/screening/structures/Pt-Pd-Rh-12_Pd2Pt2Rh2.cif","data/screening/inputs/dft-paper-worker-04/Pt-Pd-Rh-12_Pd2Pt2Rh2.in","PdPtRh","Pd-Pt-Rh","6","10","10","3","False","1800","pending","Pt-Pd-Rh","12","-6.187502543131511","0.014261489734053612","0.3333333333333333","0.3333333333333333","0.3333333333333333","dft-paper-worker-04","Pt-Pd-Rh","completed","True","-3005.95972525","22.2764","0.00983","","19","","-40898.16556183086","-6816.36092697181","0.015996508193893533","0.02862019421900186"
"Pt-Pd-Rh-02_Pd2Pt3Rh3","dft-paper-worker-04","data/screening/structures/Pt-Pd-Rh-02_Pd2Pt3Rh3.cif","data/screening/inputs/dft-paper-worker-04/Pt-Pd-Rh-02_Pd2Pt3Rh3.in","Pd2(PtRh)3","Pd-Pt-Rh","8","7","7","4","False","1568","pending","Pt-Pd-Rh","2","-6.297224998474121","0.017272083088755608","0.375","0.25","0.375","dft-paper-worker-04","Pt-Pd-Rh","completed","True","-4255.74337741","22.7065","0.008824","","19","","-57902.33840325449","-7237.792300406812","-0.0004320998068578774","0.013769546971161617"
"Pd-Rh-08_Pd3Rh5","dft-paper-worker-05","data/screening/structures/Pd-Rh-08_Pd3Rh5.cif","data/screening/inputs/dft-paper-worker-05/Pd-Rh-08_Pd3Rh5.in","Pd3Rh5","Pd-Rh","8","7","7","4","False","1568","pending","Pd-Rh","8","-6.463701248168945","0.01522126980125904","","0.625","","dft-paper-worker-05","Pd-Rh","completed","True","-1844.20701713","20.9782","0.008372","","17","","-25091.714730342916","-3136.4643412928644","0.09073102720276438","0.09073102720276438"
"Pd-Rh-10_Pd6Rh3","dft-static-v3-worker-10","data/screening/structures/Pd-Rh-10_Pd6Rh3.cif","data/screening/inputs/dft-paper-worker-05/Pd-Rh-10_Pd6Rh3.in","Pd2Rh","Pd-Rh","9","8","5","5","False","1800","pending","Pd-Rh","10","-5.864578670925564","0.016898080706596375","","0.3333333333333333","","dft-paper-worker-05","Pd-Rh","completed","True","-2169.97772915","19.988","0.013394","","21","","-29524.05106654629","-3280.450118505143","0.07269033542434045","0.07269033542434045"
"Pt-Pd-01_Pd4Pt4","dft-paper-worker-06","data/screening/structures/Pt-Pd-01_Pd4Pt4.cif","data/screening/inputs/dft-paper-worker-06/Pt-Pd-01_Pd4Pt4.in","PdPt","Pd-Pt","8","7","5","5","False","1400","pending","Pt-Pd","1","-5.636825084686279","0.014127720147371292","","0.5","","dft-paper-worker-06","Pt-Pd","completed","True","-5144.24060698","22.3943","0.000826","","14","","-69990.95904941426","-8748.869881176783","-0.031344353632448474","0.0"
"Pt-Pd-Rh-03_PdPt7Rh6","dft-paper-worker-06","data/screening/structures/Pt-Pd-Rh-03_PdPt7Rh6.cif","data/screening/inputs/dft-paper-worker-06/Pt-Pd-Rh-03_PdPt7Rh6.in","PdPt7Rh6","Pd-Pt-Rh","14","5","5","5","False","1750","pending","Pt-Pd-Rh","3","-6.543846130371094","0.018627559766173363","0.5","0.07142857142857142","0.42857142857142855","dft-paper-worker-06","Pt-Pd-Rh","completed","True","-8784.73309107","23.6691","0.020119","","24","","-119522.38260450892","-8537.313043179209","-0.018935529038571985","0.0"
"Pt-Pd-08_Pd5Pt15","dft-static-v3-worker-11","data/screening/structures/Pt-Pd-08_Pd5Pt15.cif","data/screening/inputs/dft-paper-worker-06/Pt-Pd-08_Pd5Pt15.in","PdPt3","Pd-Pt","20","4","5","4","False","1600","pending","Pt-Pd","8","-5.8625438690185545","0.01837180182337761","","0.25","","dft-paper-worker-06","Pt-Pd","pending","False","","","","","","","","","",""
"Pt-Rh-13_Pt3Rh","dft-paper-worker-07","data/screening/structures/Pt-Rh-13_Pt3Rh.cif","data/screening/inputs/dft-paper-worker-07/Pt-Rh-13_Pt3Rh.in","Pt3Rh","Pt-Rh","4","10","10","4","False","1600","pending","Pt-Rh","13","-6.3844099044799805","0.0038760683964937925","","0.25","","dft-paper-worker-07","Pt-Rh","completed","True","-3315.47793261","24.4282","0.011744","","13","","-45109.37530715024","-11277.34382678756","-0.015621002405168838","0.0008263587769761216"
"Pt-Rh-16_Pt2Rh4","dft-paper-worker-07","data/screening/structures/Pt-Rh-16_Pt2Rh4.cif","data/screening/inputs/dft-paper-worker-07/Pt-Rh-16_Pt2Rh4.in","PtRh2","Pt-Rh","6","10","6","4","False","1440","pending","Pt-Rh","16","-6.9180043538411455","0.019524818286299706","","0.6666666666666666","","dft-paper-worker-07","Pt-Rh","completed","True","-2933.39414934","23.2177","0.010469","","15","","-39910.86060470607","-6651.810100784344","0.03226667223043478","0.05615317175488599"
"Pt-Rh-02_PtRh7","dft-paper-worker-07","data/screening/structures/Pt-Rh-02_PtRh7.cif","data/screening/inputs/dft-paper-worker-07/Pt-Rh-02_PtRh7.in","PtRh7","Pt-Rh","8","6","6","6","False","1728","pending","Pt-Rh","2","-7.184454917907715","0.016906114295125008","","0.875","","dft-paper-worker-07","Pt-Rh","completed","True","-2551.34880089","22.7232","0.001467","","15","","-34712.86883462806","-4339.108604328508","-0.009156036222520925","0.0"
"Pd-Rh-14_Pd2Rh6","dft-paper-worker-08","data/screening/structures/Pd-Rh-14_Pd2Rh6.cif","data/screening/inputs/dft-paper-worker-08/Pd-Rh-14_Pd2Rh6.in","PdRh3","Pd-Rh","8","10","10","2","False","1600","pending","Pd-Rh","14","-6.767796516418457","0.018883392214775085","","0.75","","dft-paper-worker-08","Pd-Rh","completed","True","-1807.94752486","21.2122","0.007355","","23","","-24598.379205721725","-3074.7974007152156","0.0572130960663344","0.0572130960663344"
"Pt-Pd-15_Pd4Pt4","dft-paper-worker-08","data/screening/structures/Pt-Pd-15_Pd4Pt4.cif","data/screening/inputs/dft-paper-worker-08/Pt-Pd-15_Pd4Pt4.in","PdPt","Pd-Pt","8","6","6","6","False","1728","pending","Pt-Pd","15","-5.63210916519165","0.012864360585808754","","0.5","","dft-paper-worker-08","Pt-Pd","completed","True","-5144.2109666","21.7873","0.010002","","15","","-69990.55577149993","-8748.819471437491","0.019065385658905143","0.05040973929135362"
"Pt-Rh-01_Pt6Rh4","dft-paper-worker-08","data/screening/structures/Pt-Rh-01_Pt6Rh4.cif","data/screening/inputs/dft-paper-worker-08/Pt-Rh-01_Pt6Rh4.in","Pt3Rh2","Pt-Rh","10","6","6","4","False","1440","pending","Pt-Rh","1","-6.579470825195313","0.014840662479400635","","0.4","","dft-paper-worker-08","Pt-Rh","completed","True","-7064.82171314","24.1851","0.00626","","18","","-96121.79619764758","-9612.179619764758","-0.026315777891795733","0.0"
"Pt-Pd-13_PdPt2","dft-paper-worker-09","data/screening/structures/Pt-Pd-13_PdPt2.cif","data/screening/inputs/dft-paper-worker-09/Pt-Pd-13_PdPt2.in","PdPt2","Pd-Pt","3","9","9","7","False","1701","pending","Pt-Pd","13","-5.714161554972331","0.01871611177921295","","0.3333333333333333","","dft-paper-worker-09","Pt-Pd","completed","True","-2318.89936027","22.8047","0.011974","","11","1908.16","-31550.233078940728","-10516.74435964691","0.02123449596001592","0.04213073171376891"
"Pt-Rh-08_Pt2Rh3","dft-paper-worker-09","data/screening/structures/Pt-Rh-08_Pt2Rh3.cif","data/screening/inputs/dft-paper-worker-09/Pt-Rh-08_Pt2Rh3.in","Pt2Rh3","Pt-Rh","5","8","6","6","False","1440","pending","Pt-Rh","8","-6.836431884765625","0.019966011866927147","","0.6","","dft-paper-worker-09","Pt-Rh","completed","True","-2716.49079137","23.5","0.004402","","13","2815.86","-36959.74007881933","-7391.948015763866","-0.027914174717807327","0.0"
"Pt-Pd-Rh-16_Pd7Pt11Rh2","dft-paper-worker-09","data/screening/structures/Pt-Pd-Rh-16_Pd7Pt11Rh2.cif","data/screening/inputs/dft-paper-worker-09/Pt-Pd-Rh-16_Pd7Pt11Rh2.in","Pd7Pt11Rh2","Pd-Pt-Rh","20","5","4","4","False","1600","pending","Pt-Pd-Rh","16","-5.89636116027832","0.019195234403014183","0.55","0.35","0.1","dft-paper-worker-09","Pt-Pd-Rh","completed","True","-13567.66722443","22.6158","0.010831","","39","","-184597.51665049835","-9229.875832524918","-0.019545312879927224","0.0"
"Pt-Pd-Rh-05_Pd2Pt4Rh","dft-paper-worker-10","data/screening/structures/Pt-Pd-Rh-05_Pd2Pt4Rh.cif","data/screening/inputs/dft-paper-worker-10/Pt-Pd-Rh-05_Pd2Pt4Rh.in","Pd2Pt4Rh","Pd-Pt-Rh","7","8","6","5","False","1680","pending","Pt-Pd-Rh","5","-5.996421813964844","0.016032742336392403","0.5714285714285714","0.2857142857142857","0.14285714285714285","dft-paper-worker-10","Pt-Pd-Rh","completed","True","-4854.74362444","23.2604","0.0063","","17","","-66052.15194494226","-9436.021706420323","-0.014954755904909689","0.0035880206942238146"
"Pd-Rh-05_Pd6Rh6","dft-static-v3-worker-06","data/screening/structures/Pd-Rh-05_Pd6Rh6.cif","data/screening/inputs/dft-paper-worker-10/Pd-Rh-05_Pd6Rh6.in","PdRh","Pd-Rh","12","10","7","2","False","1680","pending","Pd-Rh","5","-6.222352345784505","0.012514752335846424","","0.5","","dft-paper-worker-10","Pd-Rh","completed","True","-2820.75740006","20.5129","0.022437","","42","","-38378.35955963077","-3198.196629969231","0.05890085962209923","0.05890085962209923"
"Pt-Pd-11_Pd2Pt5","dft-paper-worker-11","data/screening/structures/Pt-Pd-11_Pd2Pt5.cif","data/screening/inputs/dft-paper-worker-11/Pt-Pd-11_Pd2Pt5.in","Pd2Pt5","Pd-Pt","7","10","10","2","False","1400","pending","Pt-Pd","11","-5.830043247767857","0.013412022963166237","","0.2857142857142857","","dft-paper-worker-11","Pt-Pd","completed","True","-5670.66421075","23.4805","0.004553","","18","","-77153.31705500948","-11021.902436429926","-0.014825909995124675","0.0030851492228975985"
"Pt-Pd-Rh-04_Pd2Pt3Rh2","dft-paper-worker-11","data/screening/structures/Pt-Pd-Rh-04_Pd2Pt3Rh2.cif","data/screening/inputs/dft-paper-worker-11/Pt-Pd-Rh-04_Pd2Pt3Rh2.in","Pd2Pt3Rh2","Pd-Pt-Rh","7","8","6","5","False","1680","pending","Pt-Pd-Rh","4","-6.179605211530413","0.015491181053221226","0.42857142857142855","0.2857142857142857","0.2857142857142857","dft-paper-worker-11","Pt-Pd-Rh","completed","True","-4038.82133753","22.5406","0.012276","","16","","-54950.96369703335","-7850.137671004764","-0.011778195860642882","0.0041701105519678094"
"Pt-Pd-Rh-09_Pd2Pt7Rh2","dft-paper-worker-11","data/screening/structures/Pt-Pd-Rh-09_Pd2Pt7Rh2.cif","data/screening/inputs/dft-paper-worker-11/Pt-Pd-Rh-09_Pd2Pt7Rh2.in","Pd2Pt7Rh2","Pd-Pt-Rh","11","6","5","5","False","1650","pending","Pt-Pd-Rh","9","-6.137874256480824","0.017899153754115105","0.6363636363636364","0.18181818181818182","0.18181818181818182","dft-paper-worker-11","Pt-Pd-Rh","completed","True","-8170.22231162","23.737","0.011126","","24","","-111161.53751854037","-10105.594319867307","-0.016130340802192222","0.0"
"Pt-Pd-Rh-13_Pd2PtRh","dft-paper-worker-12","data/screening/structures/Pt-Pd-Rh-13_Pd2PtRh.cif","data/screening/inputs/dft-paper-worker-12/Pt-Pd-Rh-13_Pd2PtRh.in","Pd2PtRh","Pd-Pt-Rh","4","10","10","4","False","1600","pending","Pt-Pd-Rh","13","-5.951211929321289","0.013973148539662361","0.25","0.5","0.25","dft-paper-worker-12","Pt-Pd-Rh","completed","True","-1756.18748052","21.2727","0.015838","","13","","-23894.147926399124","-5973.536981599781","0.0100522262209779","0.019519990740263893"
"Pd-Rh-01_Pd4Rh","dft-static-v3-worker-02","data/screening/structures/Pd-Rh-01_Pd4Rh.cif","data/screening/inputs/dft-paper-worker-12/Pd-Rh-01_Pd4Rh.in","Pd4Rh","Pd-Rh","5","8","6","6","False","1440","pending","Pd-Rh","1","-5.573629379272461","0.01093103177845478","","0.2","","dft-paper-worker-12","Pd-Rh","completed","True","-1229.73613898","19.7022","0.006931","","11","3025.59","-16731.41252921738","-3346.2825058434764","0.054125406462844694","0.054125406462844694"
"Pt-Pd-Rh-10_Pd8Pt5Rh3","dft-paper-worker-12","data/screening/structures/Pt-Pd-Rh-10_Pd8Pt5Rh3.cif","data/screening/inputs/dft-paper-worker-12/Pt-Pd-Rh-10_Pd8Pt5Rh3.in","Pd8Pt5Rh3","Pd-Pt-Rh","16","7","5","3","False","1680","pending","Pt-Pd-Rh","10","-5.843719959259033","0.014878162182867527","0.3125","0.5","0.1875","dft-paper-worker-12","Pt-Pd-Rh","completed","True","-7840.66406527","21.5311","0.013136","","29","","-106677.66915255021","-6667.354322034388","0.015587540900924068","0.027144508049786964"
