"input_file","candidate_id","role","calculation","nat","ntyp","ecutwfc_Ry","ecutrho_Ry","occupations","smearing","degauss_Ry","conv_thr","electron_maxstep","mixing_beta","k_points","pseudopotentials"
"data/screening/inputs/Pt-Pd-09_Pd3Pt.in","Pt-Pd-09_Pd3Pt","paper_candidate","scf","4","2","110.0","880.0","smearing","mv","0.02","1.0d-8","200","0.3","10 6 6 1 1 1","Pd:Pd_ONCV_PBE-1.0.oncvpsp.upf; Pt:Pt.pbe-spfn-rrkjus_psl.1.0.0.UPF"
"data/screening/inputs/Pt-Pd-Rh-08_PdPt6Rh3.in","Pt-Pd-Rh-08_PdPt6Rh3","paper_candidate","scf","10","3","110.0","880.0","smearing","mv","0.02","1.0d-8","200","0.3","10 10 2 1 1 1","Pd:Pd_ONCV_PBE-1.0.oncvpsp.upf; Pt:Pt.pbe-spfn-rrkjus_psl.1.0.0.UPF; Rh:Rh_ONCV_PBE-1.0.oncvpsp.upf"
"data/screening/inputs/Pd-Rh-16_Pd5Rh7.in","Pd-Rh-16_Pd5Rh7","paper_candidate","scf","12","2","110.0","880.0","smearing","mv","0.02","1.0d-8","200","0.3","10 4 4 1 1 1","Pd:Pd_ONCV_PBE-1.0.oncvpsp.upf; Rh:Rh_ONCV_PBE-1.0.oncvpsp.upf"
"data/screening/inputs/Pt-Pd-Rh-01_Pd2Pt5Rh3.in","Pt-Pd-Rh-01_Pd2Pt5Rh3","paper_candidate","scf","10","3","110.0","880.0","smearing","mv","0.02","1.0d-8","200","0.3","8 6 3 1 1 0","Pd:Pd_ONCV_PBE-1.0.oncvpsp.upf; Pt:Pt.pbe-spfn-rrkjus_psl.1.0.0.UPF; Rh:Rh_ONCV_PBE-1.0.oncvpsp.upf"
"data/screening/inputs/Pt-Rh-04_Pt3Rh7.in","Pt-Rh-04_Pt3Rh7","paper_candidate","scf","10","2","110.0","880.0","smearing","mv","0.02","1.0d-8","200","0.3","7 5 4 0 0 1","Pt:Pt.pbe-spfn-rrkjus_psl.1.0.0.UPF; Rh:Rh_ONCV_PBE-1.0.oncvpsp.upf"
"data/screening/inputs/Pd-Rh-06_PdRh3.in","Pd-Rh-06_PdRh3","paper_candidate","scf","4","2","110.0","880.0","smearing","mv","0.02","1.0d-8","200","0.3","10 6 6 1 1 1","Pd:Pd_ONCV_PBE-1.0.oncvpsp.upf; Rh:Rh_ONCV_PBE-1.0.oncvpsp.upf"
"data/screening/inputs/Pd-Rh-15_Pd3Rh2.in","Pd-Rh-15_Pd3Rh2","paper_candidate","scf","5","2","110.0","880.0","smearing","mv","0.02","1.0d-8","200","0.3","11 11 3 0 0 0","Pd:Pd_ONCV_PBE-1.0.oncvpsp.upf; Rh:Rh_ONCV_PBE-1.0.oncvpsp.upf"
"data/screening/inputs/Pt-Pd-Rh-07_Pd4Pt3Rh.in","Pt-Pd-Rh-07_Pd4Pt3Rh","paper_candidate","scf","8","3","110.0","880.0","smearing","mv","0.02","1.0d-8","200","0.3","10 6 3 1 1 0","Pd:Pd_ONCV_PBE-1.0.oncvpsp.upf; Pt:Pt.pbe-spfn-rrkjus_psl.1.0.0.UPF; Rh:Rh_ONCV_PBE-1.0.oncvpsp.upf"
"data/screening/inputs/Pt-Pd-Rh-02_Pd2Pt3Rh3.in","Pt-Pd-Rh-02_Pd2Pt3Rh3","paper_candidate","scf","8","3","110.0","880.0","smearing","mv","0.02","1.0d-8","200","0.3","7 7 4 0 0 1","Pd:Pd_ONCV_PBE-1.0.oncvpsp.upf; Pt:Pt.pbe-spfn-rrkjus_psl.1.0.0.UPF; Rh:Rh_ONCV_PBE-1.0.oncvpsp.upf"
"data/screening/inputs/Pt-Pd-Rh-12_Pd2Pt2Rh2.in","Pt-Pd-Rh-12_Pd2Pt2Rh2","paper_candidate","scf","6","3","110.0","880.0","smearing","mv","0.02","1.0d-8","200","0.3","10 10 3 1 1 0","Pd:Pd_ONCV_PBE-1.0.oncvpsp.upf; Pt:Pt.pbe-spfn-rrkjus_psl.1.0.0.UPF; Rh:Rh_ONCV_PBE-1.0.oncvpsp.upf"
"data/screening/inputs/Pd-Rh-08_Pd3Rh5.in","Pd-Rh-08_Pd3Rh5","paper_candidate","scf","8","2","110.0","880.0","smearing","mv","0.02","1.0d-8","200","0.3","7 7 4 0 0 1","Pd:Pd_ONCV_PBE-1.0.oncvpsp.upf; Rh:Rh_ONCV_PBE-1.0.oncvpsp.upf"
"data/screening/inputs/Pd-Rh-10_Pd6Rh3.in","Pd-Rh-10_Pd6Rh3","paper_candidate","scf","9","2","110.0","880.0","smearing","mv","0.02","1.0d-8","200","0.3","8 5 5 1 0 0","Pd:Pd_ONCV_PBE-1.0.oncvpsp.upf; Rh:Rh_ONCV_PBE-1.0.oncvpsp.upf"
"data/screening/inputs/Pt-Pd-01_Pd4Pt4.in","Pt-Pd-01_Pd4Pt4","paper_candidate","scf","8","2","110.0","880.0","smearing","mv","0.02","1.0d-8","200","0.3","7 5 5 0 0 0","Pd:Pd_ONCV_PBE-1.0.oncvpsp.upf; Pt:Pt.pbe-spfn-rrkjus_psl.1.0.0.UPF"
"data/screening/inputs/Pt-Pd-08_Pd5Pt15.in","Pt-Pd-08_Pd5Pt15","paper_candidate","scf","20","2","110.0","880.0","smearing","mv","0.02","1.0d-8","200","0.3","4 5 4 1 0 1","Pd:Pd_ONCV_PBE-1.0.oncvpsp.upf; Pt:Pt.pbe-spfn-rrkjus_psl.1.0.0.UPF"
"data/screening/inputs/Pt-Pd-Rh-03_PdPt7Rh6.in","Pt-Pd-Rh-03_PdPt7Rh6","paper_candidate","scf","14","3","110.0","880.0","smearing","mv","0.02","1.0d-8","200","0.3","5 5 5 0 0 0","Pd:Pd_ONCV_PBE-1.0.oncvpsp.upf; Pt:Pt.pbe-spfn-rrkjus_psl.1.0.0.UPF; Rh:Rh_ONCV_PBE-1.0.oncvpsp.upf"
"data/screening/inputs/Pt-Rh-02_PtRh7.in","Pt-Rh-02_PtRh7","paper_candidate","scf","8","2","110.0","880.0","smearing","mv","0.02","1.0d-8","200","0.3","6 6 6 1 1 1","Pt:Pt.pbe-spfn-rrkjus_psl.1.0.0.UPF; Rh:Rh_ONCV_PBE-1.0.oncvpsp.upf"
"data/screening/inputs/Pt-Rh-13_Pt3Rh.in","Pt-Rh-13_Pt3Rh","paper_candidate","scf","4","2","110.0","880.0","smearing","mv","0.02","1.0d-8","200","0.3","10 10 4 1 1 1","Pt:Pt.pbe-spfn-rrkjus_psl.1.0.0.UPF; Rh:Rh_ONCV_PBE-1.0.oncvpsp.upf"
"data/screening/inputs/Pt-Rh-16_Pt2Rh4.in","Pt-Rh-16_Pt2Rh4","paper_candidate","scf","6","2","110.0","880.0","smearing","mv","0.02","1.0d-8","200","0.3","10 6 4 1 1 1","Pt:Pt.pbe-spfn-rrkjus_psl.1.0.0.UPF; Rh:Rh_ONCV_PBE-1.0.oncvpsp.upf"
"data/screening/inputs/Pd-Rh-14_Pd2Rh6.in","Pd-Rh-14_Pd2Rh6","paper_candidate","scf","8","2","110.0","880.0","smearing","mv","0.02","1.0d-8","200","0.3","10 10 2 1 1 1","Pd:Pd_ONCV_PBE-1.0.oncvpsp.upf; Rh:Rh_ONCV_PBE-1.0.oncvpsp.upf"
"data/screening/inputs/Pt-Pd-15_Pd4Pt4.in","Pt-Pd-15_Pd4Pt4","paper_candidate","scf","8","2","110.0","880.0","smearing","mv","0.02","1.0d-8","200","0.3","6 6 6 1 1 1","Pd:Pd_ONCV_PBE-1.0.oncvpsp.upf; Pt:Pt.pbe-spfn-rrkjus_psl.1.0.0.UPF"
"data/screening/inputs/Pt-Rh-01_Pt6Rh4.in","Pt-Rh-01_Pt6Rh4","paper_candidate","scf","10","2","110.0","880.0","smearing","mv","0.02","1.0d-8","200","0.3","6 6 4 1 1 1","Pt:Pt.pbe-spfn-rrkjus_psl.1.0.0.UPF; Rh:Rh_ONCV_PBE-1.0.oncvpsp.upf"
"data/screening/inputs/Pt-Pd-13_PdPt2.in","Pt-Pd-13_PdPt2","paper_candidate","scf","3","2","110.0","880.0","smearing","mv","0.02","1.0d-8","200","0.3","9 9 7 0 0 0","Pd:Pd_ONCV_PBE-1.0.oncvpsp.upf; Pt:Pt.pbe-spfn-rrkjus_psl.1.0.0.UPF"
"data/screening/inputs/Pt-Pd-Rh-16_Pd7Pt11Rh2.in","Pt-Pd-Rh-16_Pd7Pt11Rh2","paper_candidate","scf","20","3","110.0","880.0","smearing","mv","0.02","1.0d-8","200","0.3","5 4 4 0 1 1","Pd:Pd_ONCV_PBE-1.0.oncvpsp.upf; Pt:Pt.pbe-spfn-rrkjus_psl.1.0.0.UPF; Rh:Rh_ONCV_PBE-1.0.oncvpsp.upf"
"data/screening/inputs/Pt-Rh-08_Pt2Rh3.in","Pt-Rh-08_Pt2Rh3","paper_candidate","scf","5","2","110.0","880.0","smearing","mv","0.02","1.0d-8","200","0.3","8 6 6 1 1 1","Pt:Pt.pbe-spfn-rrkjus_psl.1.0.0.UPF; Rh:Rh_ONCV_PBE-1.0.oncvpsp.upf"
"data/screening/inputs/Pd-Rh-05_Pd6Rh6.in","Pd-Rh-05_Pd6Rh6","paper_candidate","scf","12","2","110.0","880.0","smearing","mv","0.02","1.0d-8","200","0.3","10 7 2 1 0 1","Pd:Pd_ONCV_PBE-1.0.oncvpsp.upf; Rh:Rh_ONCV_PBE-1.0.oncvpsp.upf"
"data/screening/inputs/Pt-Pd-Rh-05_Pd2Pt4Rh.in","Pt-Pd-Rh-05_Pd2Pt4Rh","paper_candidate","scf","7","3","110.0","880.0","smearing","mv","0.02","1.0d-8","200","0.3","8 6 5 1 1 0","Pd:Pd_ONCV_PBE-1.0.oncvpsp.upf; Pt:Pt.pbe-spfn-rrkjus_psl.1.0.0.UPF; Rh:Rh_ONCV_PBE-1.0.oncvpsp.upf"
"data/screening/inputs/Pt-Pd-11_Pd2Pt5.in","Pt-Pd-11_Pd2Pt5","paper_candidate","scf","7","2","110.0","880.0","smearing","mv","0.02","1.0d-8","200","0.3","10 10 2 1 1 1","Pd:Pd_ONCV_PBE-1.0.oncvpsp.upf; Pt:Pt.pbe-spfn-rrkjus_psl.1.0.0.UPF"
"data/screening/inputs/Pt-Pd-Rh-04_Pd2Pt3Rh2.in","Pt-Pd-Rh-04_Pd2Pt3Rh2","paper_candidate","scf","7","3","110.0","880.0","smearing","mv","0.02","1.0d-8","200","0.3","8 6 5 1 1 0","Pd:Pd_ONCV_PBE-1.0.oncvpsp.upf; Pt:Pt.pbe-spfn-rrkjus_psl.1.0.0.UPF; Rh:Rh_ONCV_PBE-1.0.oncvpsp.upf"
"data/screening/inputs/Pt-Pd-Rh-09_Pd2Pt7Rh2.in","Pt-Pd-Rh-09_Pd2Pt7Rh2","paper_candidate","scf","11","3","110.0","880.0","smearing","mv","0.02","1.0d-8","200","0.3","6 5 5 1 0 0","Pd:Pd_ONCV_PBE-1.0.oncvpsp.upf; Pt:Pt.pbe-spfn-rrkjus_psl.1.0.0.UPF; Rh:Rh_ONCV_PBE-1.0.oncvpsp.upf"
"data/screening/inputs/Pd-Rh-01_Pd4Rh.in","Pd-Rh-01_Pd4Rh","paper_candidate","scf","5","2","110.0","880.0","smearing","mv","0.02","1.0d-8","200","0.3","8 6 6 1 1 1","Pd:Pd_ONCV_PBE-1.0.oncvpsp.upf; Rh:Rh_ONCV_PBE-1.0.oncvpsp.upf"
"data/screening/inputs/Pt-Pd-Rh-10_Pd8Pt5Rh3.in","Pt-Pd-Rh-10_Pd8Pt5Rh3","paper_candidate","scf","16","3","110.0","880.0","smearing","mv","0.02","1.0d-8","200","0.3","7 5 3 0 0 0","Pd:Pd_ONCV_PBE-1.0.oncvpsp.upf; Pt:Pt.pbe-spfn-rrkjus_psl.1.0.0.UPF; Rh:Rh_ONCV_PBE-1.0.oncvpsp.upf"
"data/screening/inputs/Pt-Pd-Rh-13_Pd2PtRh.in","Pt-Pd-Rh-13_Pd2PtRh","paper_candidate","scf","4","3","110.0","880.0","smearing","mv","0.02","1.0d-8","200","0.3","10 10 4 1 1 1","Pd:Pd_ONCV_PBE-1.0.oncvpsp.upf; Pt:Pt.pbe-spfn-rrkjus_psl.1.0.0.UPF; Rh:Rh_ONCV_PBE-1.0.oncvpsp.upf"
"data/screening/inputs/reference_Ni_fcc.in","reference_Ni_fcc","pure_element_reference","vc-relax","1","1","110.0","880.0","smearing","mv","0.02","1.0d-9","200","0.3","13 13 13 0 0 0","Ni:ni_pbe_v1.4.uspp.F.UPF"
"data/screening/inputs/reference_Pd_fcc.in","reference_Pd_fcc","pure_element_reference","vc-relax","1","1","110.0","880.0","smearing","mv","0.02","1.0d-9","200","0.3","12 12 12 1 1 1","Pd:Pd_ONCV_PBE-1.0.oncvpsp.upf"
"data/screening/inputs/reference_Pt_fcc.in","reference_Pt_fcc","pure_element_reference","vc-relax","1","1","110.0","880.0","smearing","mv","0.02","1.0d-9","200","0.3","12 12 12 1 1 1","Pt:Pt.pbe-spfn-rrkjus_psl.1.0.0.UPF"
"data/screening/inputs/reference_Rh_fcc.in","reference_Rh_fcc","pure_element_reference","vc-relax","1","1","110.0","880.0","smearing","mv","0.02","1.0d-9","200","0.3","12 12 12 1 1 1","Rh:Rh_ONCV_PBE-1.0.oncvpsp.upf"
"data/screening/inputs/reference_W_bcc.in","reference_W_bcc","pure_element_reference","vc-relax","1","1","110.0","880.0","smearing","mv","0.02","1.0d-9","200","0.3","12 12 12 1 1 1","W:W_pbe_v1.2.uspp.F.UPF"
