archive,case,nat,ecutwfc,ecutrho,conv_thr,mesh
qe-convergence-results-20260909.tar.gz,k_dense2_ref_Rh,1,110.0,440.0,1.0d-8,16x16x16 / 111
qe-convergence-results-20260909.tar.gz,k_dense1_ref_Pd,1,110.0,440.0,1.0d-8,14x14x14 / 111
qe-convergence-results-20260909.tar.gz,c120_alloy,20,120.0,480.0,1.0d-8,5x4x4 / 011
qe-convergence-results-20260909.tar.gz,c080_ref_Pd,1,80.0,320.0,1.0d-8,12x12x12 / 111
qe-convergence-results-20260909.tar.gz,k_dense2_ref_Pd,1,110.0,440.0,1.0d-8,16x16x16 / 111
qe-convergence-results-20260909.tar.gz,k_dense2_alloy,20,110.0,440.0,1.0d-8,7x6x6 / 011
qe-convergence-results-20260909.tar.gz,c100_ref_Pd,1,100.0,400.0,1.0d-8,12x12x12 / 111
qe-convergence-results-20260909.tar.gz,k_coarse_ref_Pt,1,110.0,440.0,1.0d-8,10x10x10 / 111
qe-convergence-results-20260909.tar.gz,k_coarse_ref_Rh,1,110.0,440.0,1.0d-8,10x10x10 / 111
qe-convergence-results-20260909.tar.gz,c100_ref_Pt,1,100.0,400.0,1.0d-8,12x12x12 / 111
qe-convergence-results-20260909.tar.gz,c120_ref_Rh,1,120.0,480.0,1.0d-8,12x12x12 / 111
qe-convergence-results-20260909.tar.gz,k_dense2_ref_Pt,1,110.0,440.0,1.0d-8,16x16x16 / 111
qe-convergence-results-20260909.tar.gz,k_coarse_alloy,20,110.0,440.0,1.0d-8,4x3x3 / 011
qe-convergence-results-20260909.tar.gz,c080_ref_Rh,1,80.0,320.0,1.0d-8,12x12x12 / 111
qe-convergence-results-20260909.tar.gz,c080_ref_Pt,1,80.0,320.0,1.0d-8,12x12x12 / 111
qe-convergence-results-20260909.tar.gz,k_coarse_ref_Pd,1,110.0,440.0,1.0d-8,10x10x10 / 111
qe-convergence-results-20260909.tar.gz,k_dense1_alloy,20,110.0,440.0,1.0d-8,6x5x5 / 011
qe-convergence-results-20260909.tar.gz,c120_ref_Pd,1,120.0,480.0,1.0d-8,12x12x12 / 111
qe-convergence-results-20260909.tar.gz,c100_alloy,20,100.0,400.0,1.0d-8,5x4x4 / 011
qe-convergence-results-20260909.tar.gz,c110_ref_Rh,1,110.0,440.0,1.0d-8,12x12x12 / 111
qe-convergence-results-20260909.tar.gz,c080_alloy,20,80.0,320.0,1.0d-8,5x4x4 / 011
qe-convergence-results-20260909.tar.gz,c100_ref_Rh,1,100.0,400.0,1.0d-8,12x12x12 / 111
qe-convergence-results-20260909.tar.gz,k_dense1_ref_Rh,1,110.0,440.0,1.0d-8,14x14x14 / 111
qe-convergence-results-20260909.tar.gz,k_dense1_ref_Pt,1,110.0,440.0,1.0d-8,14x14x14 / 111
qe-convergence-results-20260909.tar.gz,c090_ref_Pt,1,90.0,360.0,1.0d-8,12x12x12 / 111
qe-convergence-results-20260909.tar.gz,c090_ref_Pd,1,90.0,360.0,1.0d-8,12x12x12 / 111
qe-convergence-results-20260909.tar.gz,c090_ref_Rh,1,90.0,360.0,1.0d-8,12x12x12 / 111
qe-convergence-results-20260909.tar.gz,c110_alloy,20,110.0,440.0,1.0d-8,5x4x4 / 011
qe-convergence-results-20260909.tar.gz,c110_ref_Pd,1,110.0,440.0,1.0d-8,12x12x12 / 111
qe-convergence-results-20260909.tar.gz,c090_alloy,20,90.0,360.0,1.0d-8,5x4x4 / 011
qe-convergence-results-20260909.tar.gz,c120_ref_Pt,1,120.0,480.0,1.0d-8,12x12x12 / 111
qe-convergence-results-20260909.tar.gz,c110_ref_Pt,1,110.0,440.0,1.0d-8,12x12x12 / 111
qe-element-references-20260908_085741.tar.gz,reference_Rh_fcc,1,110.0,440.0,1.0d-8,12x12x12 / 111
qe-element-references-20260908_085741.tar.gz,reference_Pd_fcc,1,110.0,440.0,1.0d-8,12x12x12 / 111
qe-element-references-20260908_085741.tar.gz,reference_Pt_fcc,1,110.0,440.0,1.0d-8,12x12x12 / 111
qe-final-force-results-20260910_085515.tar.gz,Pd-Rh-06_PdRh3,4,110.0,440.0,1.0d-10,14x8x8 / 111
qe-final-force-results-20260910_085515.tar.gz,Pd-Rh-14_Pd2Rh6,8,110.0,440.0,1.0d-10,14x14x4 / 111
qe-final-force-results-20260910_085515.tar.gz,Pt-Pd-01_Pd4Pt4,8,110.0,440.0,1.0d-10,10x8x8 / 111
qe-final-force-results-20260910_085515.tar.gz,k_dense3_alloy,20,110.0,440.0,1.0d-10,8x7x7 / 011
qe-kdense3-results-20260909.tar.gz,k_dense3_alloy,20,110.0,440.0,1.0d-8,8x7x7 / 011
qe-kdense3-results-20260909.tar.gz,k_dense3_ref_Pd,1,110.0,440.0,1.0d-8,18x18x18 / 111
qe-kdense3-results-20260909.tar.gz,k_dense3_ref_Pt,1,110.0,440.0,1.0d-8,18x18x18 / 111
qe-kdense3-results-20260909.tar.gz,k_dense3_ref_Rh,1,110.0,440.0,1.0d-8,18x18x18 / 111
qe-main-results-20260909.tar.gz,Pd-Rh-06_PdRh3,4,110.0,440.0,1.0d-8,10x6x6 / 111
qe-main-results-20260909.tar.gz,Pd-Rh-14_Pd2Rh6,8,110.0,440.0,1.0d-8,10x10x2 / 111
qe-main-results-20260909.tar.gz,Pt-Pd-Rh-12_Pd2Pt2Rh2,6,110.0,440.0,1.0d-8,10x10x3 / 110
qe-main-results-20260909.tar.gz,Pt-Pd-Rh-10_Pd8Pt5Rh3,16,110.0,440.0,1.0d-8,7x5x3 / 000
qe-main-results-20260909.tar.gz,Pt-Pd-01_Pd4Pt4,8,110.0,440.0,1.0d-8,7x5x5 / 000
qe-main-results-20260909.tar.gz,Pt-Rh-04_Pt3Rh7,10,110.0,440.0,1.0d-8,7x5x4 / 001
qe-main-results-20260909.tar.gz,Pt-Pd-15_Pd4Pt4,8,110.0,440.0,1.0d-8,6x6x6 / 111
qe-pair-ranking-results-20260909.tar.gz,Pd-Rh-06_PdRh3,4,110.0,440.0,1e-08,14x8x8 / 111
qe-pair-ranking-results-20260909.tar.gz,Pd-Rh-14_Pd2Rh6,8,110.0,440.0,1e-08,14x14x4 / 111
qe-pair-ranking-results-20260909.tar.gz,Pt-Pd-01_Pd4Pt4,8,110.0,440.0,1e-08,10x8x8 / 111
qe-pair-ranking-results-20260909.tar.gz,Pt-Pd-15_Pd4Pt4,8,110.0,440.0,1e-08,8x8x8 / 111
qe-paper-result-overnight_20260907_224510.tar.gz,Pt-Pd-Rh-16,20,110.0,440.0,1.0d-8,5x4x4 / 011
